MatchDate,HomeTeamName,AwayTeamName,MatchStadium,MatchSeason,HomeTeamGoals,AwayTeamGoals,HomeTeamshots,AwayTeamShots,HomeTeamPossession,AwayTeamPossession,HomeTeamFoulsConceded,AwayTeamFoulsConceded,HomeTeamYellowCards,AwayTeamYellowCards,HomeTeamRedCards,AwayTeamRedCards
17 Apr 2022,Newcastle United,Leicester City,St. James' Park,2021/22,2,1,16,8,31.3,68.7,10,10,2,2,0,0
17 Apr 2022,West Ham United,Burnley,London Stadium,2021/22,1,1,21,9,61.1,38.9,9,10,2,2,0,0
16 Apr 2022,Tottenham Hotspur,Brighton and Hove Albion,Tottenham Hotspur Stadium,2021/22,0,1,5,12,48.6,51.4,14,10,3,3,0,0
16 Apr 2022,Manchester United,Norwich City,Old Trafford,2021/22,3,2,20,15,60.8,39.2,8,6,0,0,0,0
16 Apr 2022,Southampton,Arsenal,St. Mary's Stadium,2021/22,1,0,9,23,24.3,75.7,6,6,2,1,0,0
16 Apr 2022,Watford,Brentford,Vicarage Road,2021/22,1,2,17,16,50.9,49.1,11,9,2,1,0,0
10 Apr 2022,Brentford,West Ham United,Brentford Community Stadium,2021/22,2,0,15,5,47.1,52.9,2,6,0,1,0,0
10 Apr 2022,Leicester City,Crystal Palace,King Power Stadium,2021/22,2,1,12,11,50.8,49.2,11,12,1,1,0,0
10 Apr 2022,Norwich City,Burnley,Carrow Road,2021/22,2,0,17,18,44.9,55.1,12,10,1,1,0,0
10 Apr 2022,Manchester City,Liverpool,Etihad Stadium,2021/22,2,2,11,6,55.1,44.9,9,11,1,4,0,0
9 Apr 2022,Everton,Manchester United,Goodison Park,2021/22,1,0,7,12,32.5,67.5,4,10,2,2,0,0
9 Apr 2022,Arsenal,Brighton and Hove Albion,Emirates Stadium,2021/22,1,2,20,8,64.6,35.4,12,19,3,4,0,0
9 Apr 2022,Southampton,Chelsea,St. Mary's Stadium,2021/22,0,6,4,24,29.0,71.0,11,10,1,0,0,0
9 Apr 2022,Watford,Leeds United,Vicarage Road,2021/22,0,3,8,10,48.2,51.8,8,12,2,0,0,0
9 Apr 2022,Aston Villa,Tottenham Hotspur,Villa Park,2021/22,0,4,19,11,51.5,48.5,12,14,2,3,0,0
8 Apr 2022,Newcastle United,Wolverhampton Wanderers,St. James' Park,2021/22,1,0,12,5,41.1,58.9,6,13,1,1,0,0
6 Apr 2022,Burnley,Everton,Turf Moor,2021/22,3,2,13,16,50.9,49.1,11,16,2,2,0,0
4 Apr 2022,Crystal Palace,Arsenal,Selhurst Park,2021/22,3,0,6,12,31.4,68.6,11,15,0,2,0,0
3 Apr 2022,West Ham United,Everton,London Stadium,2021/22,2,1,11,13,55.7,44.3,9,12,1,2,0,1
3 Apr 2022,Tottenham Hotspur,Newcastle United,Tottenham Hotspur Stadium,2021/22,5,1,19,8,60.8,39.2,10,7,2,3,0,0
2 Apr 2022,Liverpool,Watford,Anfield,2021/22,2,0,20,5,73.1,26.9,9,8,1,1,0,0
2 Apr 2022,Brighton and Hove Albion,Norwich City,Amex Stadium,2021/22,0,0,31,6,63.0,37.0,12,11,1,1,0,0
2 Apr 2022,Burnley,Manchester City,Turf Moor,2021/22,0,2,3,18,23.3,76.7,11,6,1,0,0,0
2 Apr 2022,Chelsea,Brentford,Stamford Bridge,2021/22,1,4,21,17,70.6,29.4,11,7,0,0,0,0
2 Apr 2022,Leeds United,Southampton,Elland Road,2021/22,1,1,12,14,55.8,44.2,14,7,1,1,0,0
2 Apr 2022,Wolverhampton Wanderers,Aston Villa,Molineux Stadium,2021/22,2,1,11,15,48.3,51.7,15,8,4,3,0,0
2 Apr 2022,Manchester United,Leicester City,Old Trafford,2021/22,1,1,11,11,53.9,46.1,13,6,2,2,0,0
20 Mar 2022,Leicester City,Brentford,King Power Stadium,2021/22,2,1,12,15,52.8,47.2,10,10,1,2,0,0
20 Mar 2022,Tottenham Hotspur,West Ham United,Tottenham Hotspur Stadium,2021/22,3,1,17,6,52.7,47.3,7,7,0,1,0,0
19 Mar 2022,Aston Villa,Arsenal,Villa Park,2021/22,0,1,8,10,47.0,53.0,13,14,3,3,0,0
18 Mar 2022,Wolverhampton Wanderers,Leeds United,Molineux Stadium,2021/22,2,3,14,15,47.8,52.2,13,14,1,5,1,0
17 Mar 2022,Everton,Newcastle United,Goodison Park,2021/22,1,0,9,17,38.3,61.7,13,11,2,1,1,0
16 Mar 2022,Brighton and Hove Albion,Tottenham Hotspur,Amex Stadium,2021/22,0,2,15,17,48.2,51.8,11,9,2,2,0,0
16 Mar 2022,Arsenal,Liverpool,Emirates Stadium,2021/22,0,2,9,9,48.4,51.6,9,9,0,1,0,0
14 Mar 2022,Crystal Palace,Manchester City,Selhurst Park,2021/22,0,0,7,19,26.2,73.8,6,11,3,1,0,0
13 Mar 2022,Chelsea,Newcastle United,Stamford Bridge,2021/22,1,0,8,7,72.8,27.2,17,17,4,3,0,0
13 Mar 2022,Everton,Wolverhampton Wanderers,Goodison Park,2021/22,0,1,7,14,38.0,62.0,13,11,2,1,1,0
13 Mar 2022,Leeds United,Norwich City,Elland Road,2021/22,2,1,13,12,52.5,47.5,18,8,3,1,0,0
13 Mar 2022,Southampton,Watford,St. Mary's Stadium,2021/22,1,2,13,9,62.5,37.5,8,12,3,2,0,0
13 Mar 2022,Arsenal,Leicester City,Emirates Stadium,2021/22,2,0,21,6,46.0,54.0,8,10,0,3,0,0
13 Mar 2022,West Ham United,Aston Villa,London Stadium,2021/22,2,1,11,13,47.1,52.9,9,3,1,0,0,0
12 Mar 2022,Brighton and Hove Albion,Liverpool,Amex Stadium,2021/22,0,2,8,18,51.8,48.2,12,15,3,1,0,0
12 Mar 2022,Brentford,Burnley,Brentford Community Stadium,2021/22,2,0,13,7,54.9,45.1,6,10,1,1,0,1
12 Mar 2022,Manchester United,Tottenham Hotspur,Old Trafford,2021/22,3,2,10,10,43.5,56.5,8,7,2,1,0,0
10 Mar 2022,Norwich City,Chelsea,Carrow Road,2021/22,1,3,8,15,33.7,66.3,8,15,0,2,0,0
10 Mar 2022,Southampton,Newcastle United,St. Mary's Stadium,2021/22,1,2,14,8,67.8,32.2,6,7,1,1,0,0
10 Mar 2022,Wolverhampton Wanderers,Watford,Molineux Stadium,2021/22,4,0,10,9,65.8,34.2,11,10,2,2,0,0
10 Mar 2022,Leeds United,Aston Villa,Elland Road,2021/22,0,3,4,15,50.9,49.1,17,11,5,3,0,0
7 Mar 2022,Tottenham Hotspur,Everton,Tottenham Hotspur Stadium,2021/22,5,0,14,6,55.0,45.0,15,10,2,0,0,0
6 Mar 2022,Watford,Arsenal,Vicarage Road,2021/22,2,3,13,16,43.0,57.0,5,12,1,2,0,0
6 Mar 2022,Manchester City,Manchester United,Etihad Stadium,2021/22,4,1,24,5,69.4,30.6,10,14,0,1,0,0
5 Mar 2022,Leicester City,Leeds United,King Power Stadium,2021/22,1,0,7,19,51.0,49.0,9,12,1,2,0,0
5 Mar 2022,Aston Villa,Southampton,Villa Park,2021/22,4,0,14,11,38.2,61.8,10,8,1,1,0,0
5 Mar 2022,Burnley,Chelsea,Turf Moor,2021/22,0,4,6,11,27.4,72.6,12,7,2,0,0,0
5 Mar 2022,Newcastle United,Brighton and Hove Albion,St. James' Park,2021/22,2,1,10,15,32.4,67.6,8,10,1,1,0,0
5 Mar 2022,Norwich City,Brentford,Carrow Road,2021/22,1,3,15,10,59.6,40.4,13,18,2,5,0,0
5 Mar 2022,Wolverhampton Wanderers,Crystal Palace,Molineux Stadium,2021/22,0,2,12,12,64.0,36.0,13,8,0,3,0,0
5 Mar 2022,Liverpool,West Ham United,Anfield,2021/22,1,0,22,13,68.7,31.3,7,7,2,1,0,0
1 Mar 2022,Burnley,Leicester City,Turf Moor,2021/22,0,2,9,22,44.8,55.2,10,13,1,1,0,0
27 Feb 2022,West Ham United,Wolverhampton Wanderers,London Stadium,2021/22,1,0,13,14,39.0,61.0,8,2,1,0,0,0
26 Feb 2022,Leeds United,Tottenham Hotspur,Elland Road,2021/22,0,4,19,15,49.6,50.4,16,11,4,2,0,0
26 Feb 2022,Brentford,Newcastle United,Brentford Community Stadium,2021/22,0,2,6,26,37.3,62.7,9,7,3,1,1,0
26 Feb 2022,Crystal Palace,Burnley,Selhurst Park,2021/22,1,1,11,5,59.2,40.8,5,16,0,2,0,0
26 Feb 2022,Manchester United,Watford,Old Trafford,2021/22,0,0,22,10,67.3,32.7,2,7,0,0,0,0
26 Feb 2022,Brighton and Hove Albion,Aston Villa,Amex Stadium,2021/22,0,2,12,9,66.5,33.5,17,11,4,5,0,0
26 Feb 2022,Everton,Manchester City,Goodison Park,2021/22,0,1,6,13,32.6,67.4,7,14,3,2,0,0
25 Feb 2022,Southampton,Norwich City,St. Mary's Stadium,2021/22,2,0,27,8,58.1,41.9,12,9,1,2,0,0
24 Feb 2022,Arsenal,Wolverhampton Wanderers,Emirates Stadium,2021/22,2,1,26,6,55.5,44.5,8,9,1,1,0,0
23 Feb 2022,Burnley,Tottenham Hotspur,Turf Moor,2021/22,1,0,15,12,34.1,65.9,8,8,0,0,0,0
23 Feb 2022,Watford,Crystal Palace,Vicarage Road,2021/22,1,4,8,7,45.3,54.7,12,9,2,1,0,0
23 Feb 2022,Liverpool,Leeds United,Anfield,2021/22,6,0,23,3,63.7,36.3,5,11,0,3,0,0
20 Feb 2022,Leeds United,Manchester United,Elland Road,2021/22,2,4,16,15,54.5,45.5,13,19,6,3,0,0
20 Feb 2022,Wolverhampton Wanderers,Leicester City,Molineux Stadium,2021/22,2,1,11,17,36.3,63.7,12,9,4,4,0,0
19 Feb 2022,Arsenal,Brentford,Emirates Stadium,2021/22,2,1,24,6,66.4,33.6,10,5,1,1,0,0
19 Feb 2022,Aston Villa,Watford,Villa Park,2021/22,0,1,20,8,59.6,40.4,12,7,1,2,0,0
19 Feb 2022,Brighton and Hove Albion,Burnley,Amex Stadium,2021/22,0,3,11,10,68.9,31.1,12,12,1,4,0,0
19 Feb 2022,Crystal Palace,Chelsea,Selhurst Park,2021/22,0,1,7,9,42.6,57.4,4,20,1,3,0,0
19 Feb 2022,Liverpool,Norwich City,Anfield,2021/22,3,1,29,6,69.4,30.6,7,8,0,1,0,0
19 Feb 2022,Southampton,Everton,St. Mary's Stadium,2021/22,2,0,19,9,55.8,44.2,6,9,0,2,0,0
19 Feb 2022,Manchester City,Tottenham Hotspur,Etihad Stadium,2021/22,2,3,21,6,71.2,28.8,5,7,0,3,0,0
19 Feb 2022,West Ham United,Newcastle United,London Stadium,2021/22,1,1,11,14,47.0,53.0,3,7,3,3,0,0
15 Feb 2022,Manchester United,Brighton and Hove Albion,Old Trafford,2021/22,2,0,19,10,50.0,50.0,8,10,3,1,0,1
13 Feb 2022,Burnley,Liverpool,Turf Moor,2021/22,0,1,8,12,32.6,67.4,7,6,0,1,0,0
13 Feb 2022,Newcastle United,Aston Villa,St. James' Park,2021/22,1,0,10,11,37.0,63.0,22,15,3,4,0,0
13 Feb 2022,Tottenham Hotspur,Wolverhampton Wanderers,Tottenham Hotspur Stadium,2021/22,0,2,17,11,58.6,41.4,13,13,3,1,0,0
13 Feb 2022,Leicester City,West Ham United,King Power Stadium,2021/22,2,2,13,8,55.4,44.6,10,9,1,2,0,0
12 Feb 2022,Manchester United,Southampton,Old Trafford,2021/22,1,1,12,13,52.3,47.7,12,13,4,0,0,0
12 Feb 2022,Brentford,Crystal Palace,Brentford Community Stadium,2021/22,0,0,9,6,42.6,57.4,10,10,1,0,0,0
12 Feb 2022,Everton,Leeds United,Goodison Park,2021/22,3,0,21,7,41.7,58.3,8,9,1,1,0,0
12 Feb 2022,Watford,Brighton and Hove Albion,Vicarage Road,2021/22,0,2,9,11,35.2,64.8,16,9,3,2,0,0
12 Feb 2022,Norwich City,Manchester City,Carrow Road,2021/22,0,4,8,22,28.5,71.5,7,8,0,2,0,0
10 Feb 2022,Liverpool,Leicester City,Anfield,2021/22,2,0,22,5,65.0,35.0,11,7,1,0,0,0
10 Feb 2022,Wolverhampton Wanderers,Arsenal,Molineux Stadium,2021/22,0,1,15,12,58.3,41.7,12,13,2,3,0,1
9 Feb 2022,Manchester City,Brentford,Etihad Stadium,2021/22,2,0,15,6,75.6,24.4,7,13,0,0,0,0
9 Feb 2022,Norwich City,Crystal Palace,Carrow Road,2021/22,1,1,5,13,28.3,71.7,11,16,1,2,0,0
9 Feb 2022,Tottenham Hotspur,Southampton,Tottenham Hotspur Stadium,2021/22,2,3,8,23,47.7,52.3,7,13,2,3,0,0
9 Feb 2022,Aston Villa,Leeds United,Villa Park,2021/22,3,3,12,16,39.5,60.5,11,9,1,3,1,0
8 Feb 2022,Newcastle United,Everton,St. James' Park,2021/22,3,1,20,11,39.3,60.7,13,13,2,3,0,0
8 Feb 2022,West Ham United,Watford,London Stadium,2021/22,1,0,9,6,64.3,35.7,1,6,1,0,0,0
8 Feb 2022,Burnley,Manchester United,Turf Moor,2021/22,1,1,9,22,35.9,64.1,11,10,2,1,0,0
5 Feb 2022,Burnley,Watford,Turf Moor,2021/22,0,0,13,11,51.6,48.4,16,9,1,2,0,0
23 Jan 2022,Arsenal,Burnley,Emirates Stadium,2021/22,0,0,20,10,75.6,24.4,9,13,0,2,0,0
23 Jan 2022,Crystal Palace,Liverpool,Selhurst Park,2021/22,1,3,8,14,43.4,56.6,12,10,4,1,0,0
23 Jan 2022,Leicester City,Brighton and Hove Albion,King Power Stadium,2021/22,1,1,15,14,43.8,56.2,6,8,0,1,0,0
23 Jan 2022,Chelsea,Tottenham Hotspur,Stamford Bridge,2021/22,2,0,15,6,64.6,35.4,17,14,2,1,0,0
22 Jan 2022,Everton,Aston Villa,Goodison Park,2021/22,0,1,15,8,49.6,50.4,14,16,5,4,0,0
22 Jan 2022,Brentford,Wolverhampton Wanderers,Brentford Community Stadium,2021/22,1,2,11,7,49.5,50.5,6,7,2,3,0,1
22 Jan 2022,Leeds United,Newcastle United,Elland Road,2021/22,0,1,13,15,63.0,37.0,9,9,4,2,0,0
22 Jan 2022,Manchester United,West Ham United,Old Trafford,2021/22,1,0,18,6,56.9,43.1,9,8,1,1,0,0
22 Jan 2022,Southampton,Manchester City,St. Mary's Stadium,2021/22,1,1,7,20,25.8,74.2,13,5,3,0,0,0
21 Jan 2022,Watford,Norwich City,Vicarage Road,2021/22,0,3,15,7,68.5,31.5,16,11,0,1,1,0
19 Jan 2022,Leicester City,Tottenham Hotspur,King Power Stadium,2021/22,2,3,14,27,48.8,51.2,6,12,1,2,0,0
19 Jan 2022,Brentford,Manchester United,Brentford Community Stadium,2021/22,1,3,18,13,43.7,56.3,7,9,0,0,0,0
18 Jan 2022,Brighton and Hove Albion,Chelsea,Amex Stadium,2021/22,1,1,10,15,43.2,56.8,8,5,1,2,0,0
16 Jan 2022,Liverpool,Brentford,Anfield,2021/22,3,0,27,6,68.3,31.7,6,6,0,1,0,0
16 Jan 2022,West Ham United,Leeds United,London Stadium,2021/22,2,3,15,18,47.4,52.6,6,9,3,2,0,0
15 Jan 2022,Newcastle United,Watford,St. James' Park,2021/22,1,1,12,18,52.0,48.0,13,13,3,2,0,0
15 Jan 2022,Norwich City,Everton,Carrow Road,2021/22,2,1,14,12,40.4,59.6,12,14,3,1,0,0
15 Jan 2022,Wolverhampton Wanderers,Southampton,Molineux Stadium,2021/22,3,1,9,13,42.7,57.3,13,14,2,3,0,0
15 Jan 2022,Aston Villa,Manchester United,Villa Park,2021/22,2,2,13,13,54.6,45.4,8,13,1,2,0,0
15 Jan 2022,Manchester City,Chelsea,Etihad Stadium,2021/22,1,0,11,4,55.7,44.3,11,6,0,2,0,0
14 Jan 2022,Brighton and Hove Albion,Crystal Palace,Amex Stadium,2021/22,1,1,19,3,63.3,36.7,11,7,0,2,0,0
12 Jan 2022,West Ham United,Norwich City,London Stadium,2021/22,2,0,13,7,61.6,38.4,9,8,0,0,0,0
11 Jan 2022,Southampton,Brentford,St. Mary's Stadium,2021/22,4,1,12,5,48.9,51.1,9,8,0,1,0,0
3 Jan 2022,Manchester United,Wolverhampton Wanderers,Old Trafford,2021/22,0,1,9,19,51.3,48.7,9,8,3,1,0,0
2 Jan 2022,Brentford,Aston Villa,Brentford Community Stadium,2021/22,2,1,10,16,45.4,54.6,17,11,2,2,0,0
2 Jan 2022,Everton,Brighton and Hove Albion,Goodison Park,2021/22,2,3,17,12,49.9,50.1,5,12,1,1,0,0
2 Jan 2022,Leeds United,Burnley,Elland Road,2021/22,3,1,22,8,55.3,44.7,11,7,2,1,0,0
2 Jan 2022,Chelsea,Liverpool,Stamford Bridge,2021/22,2,2,15,10,55.3,44.7,5,13,1,2,0,0
1 Jan 2022,Arsenal,Manchester City,Emirates Stadium,2021/22,1,2,7,15,28.8,71.2,13,5,3,2,1,0
1 Jan 2022,Watford,Tottenham Hotspur,Vicarage Road,2021/22,0,1,6,21,25.8,74.2,6,9,0,1,0,0
1 Jan 2022,Crystal Palace,West Ham United,Selhurst Park,2021/22,2,3,22,10,62.7,37.3,6,16,0,2,0,0
30 Dec 2021,Manchester United,Burnley,Old Trafford,2021/22,3,1,18,10,57.3,42.7,5,10,0,0,0,0
29 Dec 2021,Chelsea,Brighton and Hove Albion,Stamford Bridge,2021/22,1,1,11,18,47.7,52.3,14,7,4,1,0,0
29 Dec 2021,Brentford,Manchester City,Brentford Community Stadium,2021/22,0,1,6,12,23.7,76.3,12,10,0,0,0,0
28 Dec 2021,Crystal Palace,Norwich City,Selhurst Park,2021/22,3,0,19,12,50.9,49.1,9,13,1,2,0,0
28 Dec 2021,Southampton,Tottenham Hotspur,St. Mary's Stadium,2021/22,1,1,9,21,34.6,65.4,15,5,2,2,1,0
28 Dec 2021,Watford,West Ham United,Vicarage Road,2021/22,1,4,14,13,43.0,57.0,12,12,0,1,0,0
28 Dec 2021,Leicester City,Liverpool,King Power Stadium,2021/22,1,0,6,21,36.6,63.4,8,11,0,1,0,0
27 Dec 2021,Newcastle United,Manchester United,St. James' Park,2021/22,1,1,13,13,31.4,68.6,11,8,3,3,0,0
26 Dec 2021,Manchester City,Leicester City,Etihad Stadium,2021/22,6,3,17,14,71.8,28.2,11,9,1,2,0,0
26 Dec 2021,Norwich City,Arsenal,Carrow Road,2021/22,0,5,4,16,35.2,64.8,13,7,1,2,0,0
26 Dec 2021,Tottenham Hotspur,Crystal Palace,Tottenham Hotspur Stadium,2021/22,3,0,17,4,59.7,40.3,16,9,1,1,0,1
26 Dec 2021,West Ham United,Southampton,London Stadium,2021/22,2,3,11,11,55.8,44.2,10,9,2,3,0,0
26 Dec 2021,Aston Villa,Chelsea,Villa Park,2021/22,1,3,8,10,42.1,57.9,8,11,3,1,0,0
26 Dec 2021,Brighton and Hove Albion,Brentford,Amex Stadium,2021/22,2,0,15,16,50.4,49.6,8,10,1,3,0,0
19 Dec 2021,Newcastle United,Manchester City,St. James' Park,2021/22,0,4,5,18,28.1,71.9,9,6,1,2,0,0
19 Dec 2021,Wolverhampton Wanderers,Chelsea,Molineux Stadium,2021/22,0,0,4,8,36.9,63.1,9,7,0,2,0,0
19 Dec 2021,Tottenham Hotspur,Liverpool,Tottenham Hotspur Stadium,2021/22,2,2,10,18,43.7,56.3,12,11,4,4,0,1
18 Dec 2021,Leeds United,Arsenal,Elland Road,2021/22,1,4,9,21,50.9,49.1,11,7,3,1,0,0
16 Dec 2021,Chelsea,Everton,Stamford Bridge,2021/22,1,1,23,5,80.1,19.9,11,11,2,3,0,0
16 Dec 2021,Liverpool,Newcastle United,Anfield,2021/22,3,1,23,5,74.2,25.8,9,4,1,3,0,0
15 Dec 2021,Brighton and Hove Albion,Wolverhampton Wanderers,Amex Stadium,2021/22,0,1,12,8,59.3,40.7,11,15,2,0,0,0
15 Dec 2021,Crystal Palace,Southampton,Selhurst Park,2021/22,2,2,9,15,59.7,40.3,16,20,2,4,0,0
15 Dec 2021,Arsenal,West Ham United,Emirates Stadium,2021/22,2,0,21,7,56.2,43.8,9,9,2,0,0,1
14 Dec 2021,Norwich City,Aston Villa,Carrow Road,2021/22,0,2,7,17,50.2,49.8,12,9,3,1,0,0
14 Dec 2021,Manchester City,Leeds United,Etihad Stadium,2021/22,7,0,31,6,64.2,35.8,5,9,1,1,0,0
12 Dec 2021,Burnley,West Ham United,Turf Moor,2021/22,0,0,9,16,40.1,59.9,13,11,2,1,0,0
12 Dec 2021,Leicester City,Newcastle United,King Power Stadium,2021/22,4,0,8,12,47.3,52.7,9,16,2,3,0,0
12 Dec 2021,Crystal Palace,Everton,Selhurst Park,2021/22,3,1,17,12,61.2,38.8,15,14,0,2,0,0
11 Dec 2021,Manchester City,Wolverhampton Wanderers,Etihad Stadium,2021/22,1,0,24,2,71.0,29.0,12,5,3,2,0,1
11 Dec 2021,Arsenal,Southampton,Emirates Stadium,2021/22,3,0,15,11,61.3,38.7,5,9,2,0,0,0
11 Dec 2021,Chelsea,Leeds United,Stamford Bridge,2021/22,3,2,16,12,57.8,42.2,9,15,2,5,0,0
11 Dec 2021,Liverpool,Aston Villa,Anfield,2021/22,1,0,20,4,62.3,37.7,13,6,1,2,0,0
11 Dec 2021,Norwich City,Manchester United,Carrow Road,2021/22,0,1,11,13,47.2,52.8,6,17,1,1,0,0
10 Dec 2021,Brentford,Watford,Brentford Community Stadium,2021/22,2,1,14,6,63.4,36.6,12,18,4,0,0,0
6 Dec 2021,Everton,Arsenal,Goodison Park,2021/22,2,1,11,10,36.1,63.9,8,12,2,2,0,0
5 Dec 2021,Leeds United,Brentford,Elland Road,2021/22,2,2,13,9,63.1,36.9,11,9,5,3,0,0
5 Dec 2021,Manchester United,Crystal Palace,Old Trafford,2021/22,1,0,16,8,61.3,38.7,16,9,2,2,0,0
5 Dec 2021,Tottenham Hotspur,Norwich City,Tottenham Hotspur Stadium,2021/22,3,0,17,10,40.8,59.2,11,4,1,2,0,0
5 Dec 2021,Aston Villa,Leicester City,Villa Park,2021/22,2,1,13,12,41.1,58.9,8,25,1,1,0,0
4 Dec 2021,West Ham United,Chelsea,London Stadium,2021/22,3,2,11,19,36.2,63.8,10,10,1,3,0,0
4 Dec 2021,Newcastle United,Burnley,St. James' Park,2021/22,1,0,19,10,47.8,52.2,11,9,1,1,0,0
4 Dec 2021,Southampton,Brighton and Hove Albion,St. Mary's Stadium,2021/22,1,1,14,14,44.4,55.6,15,12,4,2,0,0
4 Dec 2021,Wolverhampton Wanderers,Liverpool,Molineux Stadium,2021/22,0,1,3,17,32.9,67.1,4,7,2,2,0,0
4 Dec 2021,Watford,Manchester City,Vicarage Road,2021/22,1,3,11,26,22.9,77.1,11,7,3,0,0,0
2 Dec 2021,Tottenham Hotspur,Brentford,Tottenham Hotspur Stadium,2021/22,2,0,11,6,47.0,53.0,13,11,0,0,0,0
2 Dec 2021,Manchester United,Arsenal,Old Trafford,2021/22,3,2,14,17,44.5,55.5,9,10,1,0,0,0
1 Dec 2021,Southampton,Leicester City,St. Mary's Stadium,2021/22,2,2,15,15,44.5,55.5,14,11,1,3,0,0
1 Dec 2021,Watford,Chelsea,Vicarage Road,2021/22,1,2,14,8,49.8,50.2,18,16,4,3,0,0
1 Dec 2021,West Ham United,Brighton and Hove Albion,London Stadium,2021/22,1,1,14,9,34.3,65.7,10,8,1,1,0,0
1 Dec 2021,Wolverhampton Wanderers,Burnley,Molineux Stadium,2021/22,0,0,16,6,65.2,34.8,5,7,2,3,0,0
1 Dec 2021,Aston Villa,Manchester City,Villa Park,2021/22,1,2,9,17,36.0,64.0,8,12,0,0,0,0
1 Dec 2021,Everton,Liverpool,Goodison Park,2021/22,1,4,8,16,31.3,68.7,8,16,4,3,0,0
30 Nov 2021,Newcastle United,Norwich City,St. James' Park,2021/22,1,1,9,16,31.4,68.6,8,11,0,0,1,0
30 Nov 2021,Leeds United,Crystal Palace,Elland Road,2021/22,1,0,15,9,61.9,38.1,15,15,5,3,0,0
28 Nov 2021,Brentford,Everton,Brentford Community Stadium,2021/22,1,0,6,14,39.7,60.3,8,11,4,3,0,0
28 Nov 2021,Leicester City,Watford,King Power Stadium,2021/22,4,2,18,17,56.7,43.3,5,20,0,0,0,0
28 Nov 2021,Manchester City,West Ham United,Etihad Stadium,2021/22,2,1,19,5,68.5,31.5,7,6,2,0,0,0
28 Nov 2021,Chelsea,Manchester United,Stamford Bridge,2021/22,1,1,24,3,65.7,34.3,13,14,2,5,0,0
27 Nov 2021,Arsenal,Newcastle United,Emirates Stadium,2021/22,2,0,24,9,65.6,34.4,6,12,1,3,0,0
27 Nov 2021,Crystal Palace,Aston Villa,Selhurst Park,2021/22,1,2,8,10,63.3,36.7,12,10,3,3,0,1
27 Nov 2021,Liverpool,Southampton,Anfield,2021/22,4,0,20,7,64.5,35.5,7,14,0,1,0,0
27 Nov 2021,Norwich City,Wolverhampton Wanderers,Carrow Road,2021/22,0,0,14,5,43.1,56.9,11,10,2,2,0,0
27 Nov 2021,Brighton and Hove Albion,Leeds United,Amex Stadium,2021/22,0,0,20,11,56.5,43.5,12,14,1,3,0,0
21 Nov 2021,Manchester City,Everton,Etihad Stadium,2021/22,3,0,17,4,77.3,22.7,5,7,1,1,0,0
21 Nov 2021,Tottenham Hotspur,Leeds United,Tottenham Hotspur Stadium,2021/22,2,1,13,18,43.2,56.8,11,12,1,4,0,0
20 Nov 2021,Aston Villa,Brighton and Hove Albion,Villa Park,2021/22,2,0,9,6,37.0,63.0,7,13,3,3,0,0
20 Nov 2021,Burnley,Crystal Palace,Turf Moor,2021/22,3,3,15,18,39.5,60.5,14,15,2,3,0,0
20 Nov 2021,Liverpool,Arsenal,Anfield,2021/22,4,0,19,5,62.5,37.5,15,12,2,0,0,0
20 Nov 2021,Leicester City,Chelsea,King Power Stadium,2021/22,0,3,4,16,38.3,61.7,15,8,3,1,0,0
20 Nov 2021,Newcastle United,Brentford,St. James' Park,2021/22,3,3,23,10,52.2,47.8,13,11,2,2,0,0
20 Nov 2021,Norwich City,Southampton,Carrow Road,2021/22,2,1,8,17,37.0,63.0,8,9,3,2,0,0
20 Nov 2021,Watford,Manchester United,Vicarage Road,2021/22,4,1,20,9,38.7,61.3,7,5,2,1,0,1
20 Nov 2021,Wolverhampton Wanderers,West Ham United,Molineux Stadium,2021/22,1,0,15,8,52.4,47.6,6,9,1,1,0,0
7 Nov 2021,Arsenal,Watford,Emirates Stadium,2021/22,1,0,14,7,60.7,39.3,6,19,4,2,0,1
7 Nov 2021,Everton,Tottenham Hotspur,Goodison Park,2021/22,0,0,12,8,44.8,55.2,13,17,2,4,1,0
7 Nov 2021,Leeds United,Leicester City,Elland Road,2021/22,1,1,18,9,55.8,44.2,12,5,1,1,0,0
7 Nov 2021,West Ham United,Liverpool,London Stadium,2021/22,3,2,7,16,30.9,69.1,11,6,1,1,0,0
6 Nov 2021,Manchester United,Manchester City,Old Trafford,2021/22,0,2,5,16,32.6,67.4,9,12,1,2,0,0
6 Nov 2021,Brentford,Norwich City,Brentford Community Stadium,2021/22,1,2,19,9,64.5,35.5,12,13,2,3,0,0
6 Nov 2021,Chelsea,Burnley,Stamford Bridge,2021/22,1,1,25,5,69.9,30.1,6,9,1,4,0,0
6 Nov 2021,Crystal Palace,Wolverhampton Wanderers,Selhurst Park,2021/22,2,0,13,4,59.7,40.3,14,13,2,1,0,0
6 Nov 2021,Brighton and Hove Albion,Newcastle United,Amex Stadium,2021/22,1,1,14,6,65.7,34.3,16,10,3,4,1,0
5 Nov 2021,Southampton,Aston Villa,St. Mary's Stadium,2021/22,1,0,9,14,56.4,43.6,12,12,2,2,0,0
1 Nov 2021,Wolverhampton Wanderers,Everton,Molineux Stadium,2021/22,2,1,10,14,62.0,38.0,10,8,1,1,0,0
31 Oct 2021,Norwich City,Leeds United,Carrow Road,2021/22,1,2,14,13,47.9,52.1,14,23,1,4,0,0
31 Oct 2021,Aston Villa,West Ham United,Villa Park,2021/22,1,4,9,21,42.4,57.6,7,13,1,2,1,0
30 Oct 2021,Leicester City,Arsenal,King Power Stadium,2021/22,0,2,16,9,64.3,35.7,8,11,2,0,0,0
30 Oct 2021,Burnley,Brentford,Turf Moor,2021/22,3,1,15,12,40.6,59.4,7,10,1,1,0,0
30 Oct 2021,Liverpool,Brighton and Hove Albion,Anfield,2021/22,2,2,14,9,58.4,41.6,8,5,2,2,0,0
30 Oct 2021,Manchester City,Crystal Palace,Etihad Stadium,2021/22,0,2,14,8,67.6,32.4,11,11,2,3,1,0
30 Oct 2021,Newcastle United,Chelsea,St. James' Park,2021/22,0,3,6,19,20.8,79.2,14,12,3,2,0,0
30 Oct 2021,Watford,Southampton,Vicarage Road,2021/22,0,1,10,12,38.7,61.3,16,6,2,2,0,0
30 Oct 2021,Tottenham Hotspur,Manchester United,Tottenham Hotspur Stadium,2021/22,0,3,9,10,58.2,41.8,12,14,2,3,0,0
24 Oct 2021,Brentford,Leicester City,Brentford Community Stadium,2021/22,1,2,15,10,54.4,45.6,13,7,1,1,0,0
24 Oct 2021,West Ham United,Tottenham Hotspur,London Stadium,2021/22,1,0,13,7,37.7,62.3,11,4,2,1,0,0
24 Oct 2021,Manchester United,Liverpool,Old Trafford,2021/22,0,5,12,19,36.8,63.2,10,8,6,0,1,0
23 Oct 2021,Chelsea,Norwich City,Stamford Bridge,2021/22,7,0,23,3,61.8,38.2,14,16,0,2,0,1
23 Oct 2021,Crystal Palace,Newcastle United,Selhurst Park,2021/22,1,1,15,6,75.0,25.0,13,9,3,4,0,0
23 Oct 2021,Everton,Watford,Goodison Park,2021/22,2,5,15,20,50.1,49.9,9,13,4,3,0,0
23 Oct 2021,Leeds United,Wolverhampton Wanderers,Elland Road,2021/22,1,1,18,8,63.0,37.0,15,14,2,3,0,0
23 Oct 2021,Southampton,Burnley,St. Mary's Stadium,2021/22,2,2,16,9,61.3,38.7,10,11,1,3,0,0
23 Oct 2021,Brighton and Hove Albion,Manchester City,Amex Stadium,2021/22,1,4,10,23,47.7,52.3,10,6,2,3,0,0
22 Oct 2021,Arsenal,Aston Villa,Emirates Stadium,2021/22,3,1,22,10,53.8,46.2,17,10,2,5,0,0
18 Oct 2021,Arsenal,Crystal Palace,Emirates Stadium,2021/22,2,2,17,9,53.6,46.4,7,4,1,1,0,0
17 Oct 2021,Everton,West Ham United,Goodison Park,2021/22,0,1,15,16,39.0,61.0,3,3,0,2,0,0
17 Oct 2021,Newcastle United,Tottenham Hotspur,St. James' Park,2021/22,2,3,7,14,35.5,64.5,13,4,4,1,1,0
16 Oct 2021,Aston Villa,Wolverhampton Wanderers,Villa Park,2021/22,2,3,14,9,48.3,51.7,8,17,2,3,0,0
16 Oct 2021,Brentford,Chelsea,Brentford Community Stadium,2021/22,0,1,17,5,43.9,56.1,13,8,1,1,0,0
16 Oct 2021,Watford,Liverpool,Vicarage Road,2021/22,0,5,6,19,23.8,76.2,4,10,0,0,0,0
16 Oct 2021,Leicester City,Manchester United,King Power Stadium,2021/22,4,2,22,18,48.8,51.2,5,17,0,3,0,0
16 Oct 2021,Manchester City,Burnley,Etihad Stadium,2021/22,2,0,15,7,70.6,29.4,11,5,1,0,0,0
16 Oct 2021,Norwich City,Brighton and Hove Albion,Carrow Road,2021/22,0,0,15,11,35.1,64.9,5,14,3,5,0,0
16 Oct 2021,Southampton,Leeds United,St. Mary's Stadium,2021/22,1,0,19,3,45.3,54.7,16,14,2,3,0,0
3 Oct 2021,Crystal Palace,Leicester City,Selhurst Park,2021/22,2,2,18,9,60.0,40.0,15,11,2,3,0,0
3 Oct 2021,Tottenham Hotspur,Aston Villa,Tottenham Hotspur Stadium,2021/22,2,1,17,14,56.3,43.7,11,14,2,1,0,0
3 Oct 2021,West Ham United,Brentford,London Stadium,2021/22,1,2,18,13,59.9,40.1,16,13,2,3,0,0
3 Oct 2021,Liverpool,Manchester City,Anfield,2021/22,2,2,6,12,48.5,51.5,10,12,3,3,0,0
2 Oct 2021,Manchester United,Everton,Old Trafford,2021/22,1,1,13,12,71.8,28.2,10,9,1,1,0,0
2 Oct 2021,Burnley,Norwich City,Turf Moor,2021/22,0,0,14,10,56.1,43.9,13,3,5,2,0,0
2 Oct 2021,Chelsea,Southampton,Stamford Bridge,2021/22,3,1,20,6,61.6,38.4,11,13,1,3,0,1
2 Oct 2021,Leeds United,Watford,Elland Road,2021/22,1,0,20,5,66.9,33.1,10,16,0,3,0,0
2 Oct 2021,Wolverhampton Wanderers,Newcastle United,Molineux Stadium,2021/22,2,1,7,8,51.9,48.1,15,5,0,2,0,0
2 Oct 2021,Brighton and Hove Albion,Arsenal,Amex Stadium,2021/22,0,0,21,8,58.2,41.8,8,5,2,1,0,0
27 Sep 2021,Crystal Palace,Brighton and Hove Albion,Selhurst Park,2021/22,1,1,8,8,46.9,53.1,12,10,2,5,0,0
26 Sep 2021,Southampton,Wolverhampton Wanderers,St. Mary's Stadium,2021/22,0,1,18,5,57.0,43.0,12,8,0,0,0,0
26 Sep 2021,Arsenal,Tottenham Hotspur,Emirates Stadium,2021/22,3,1,12,10,46.6,53.4,12,13,2,1,0,0
25 Sep 2021,Chelsea,Manchester City,Stamford Bridge,2021/22,0,1,5,15,40.9,59.1,12,10,3,2,0,0
25 Sep 2021,Manchester United,Aston Villa,Old Trafford,2021/22,0,1,28,7,59.6,40.4,9,13,2,2,0,0
25 Sep 2021,Everton,Norwich City,Goodison Park,2021/22,2,0,11,10,46.8,53.2,12,9,2,3,0,0
25 Sep 2021,Leeds United,West Ham United,Elland Road,2021/22,1,2,15,20,53.5,46.5,10,6,3,2,0,0
25 Sep 2021,Leicester City,Burnley,King Power Stadium,2021/22,2,2,22,9,67.1,32.9,10,8,2,4,0,0
25 Sep 2021,Watford,Newcastle United,Vicarage Road,2021/22,1,1,15,20,52.2,47.8,19,12,4,3,0,0
25 Sep 2021,Brentford,Liverpool,Brentford Community Stadium,2021/22,3,3,12,16,32.7,67.3,8,7,1,1,0,0
19 Sep 2021,Brighton and Hove Albion,Leicester City,Amex Stadium,2021/22,2,1,12,14,37.1,62.9,8,10,2,1,0,0
19 Sep 2021,West Ham United,Manchester United,London Stadium,2021/22,1,2,13,17,39.9,60.1,5,8,0,0,0,0
19 Sep 2021,Tottenham Hotspur,Chelsea,Tottenham Hotspur Stadium,2021/22,0,3,8,20,47.0,53.0,4,15,0,1,0,0
18 Sep 2021,Wolverhampton Wanderers,Brentford,Molineux Stadium,2021/22,0,2,11,9,61.9,38.1,10,7,4,2,0,1
18 Sep 2021,Burnley,Arsenal,Turf Moor,2021/22,0,1,18,13,45.0,55.0,9,8,2,1,0,0
18 Sep 2021,Liverpool,Crystal Palace,Anfield,2021/22,3,0,25,13,59.9,40.1,17,11,3,1,0,0
18 Sep 2021,Manchester City,Southampton,Etihad Stadium,2021/22,0,0,16,10,63.9,36.1,5,12,0,2,1,0
18 Sep 2021,Norwich City,Watford,Carrow Road,2021/22,1,3,12,12,48.7,51.3,10,14,1,1,0,0
18 Sep 2021,Aston Villa,Everton,Villa Park,2021/22,3,0,15,11,55.6,44.4,7,10,1,1,0,0
17 Sep 2021,Newcastle United,Leeds United,St. James' Park,2021/22,1,1,17,22,35.4,64.6,9,11,2,2,0,0
13 Sep 2021,Everton,Burnley,Goodison Park,2021/22,3,1,14,11,51.7,48.3,3,6,1,1,0,0
12 Sep 2021,Leeds United,Liverpool,Elland Road,2021/22,0,3,9,30,44.1,55.9,9,8,2,1,1,0
11 Sep 2021,Arsenal,Norwich City,Emirates Stadium,2021/22,1,0,30,10,51.9,48.1,9,11,1,2,0,0
11 Sep 2021,Brentford,Brighton and Hove Albion,Brentford Community Stadium,2021/22,0,1,7,4,41.3,58.7,9,12,3,2,0,0
11 Sep 2021,Chelsea,Aston Villa,Stamford Bridge,2021/22,3,0,12,18,56.8,43.2,11,11,1,4,0,0
11 Sep 2021,Crystal Palace,Tottenham Hotspur,Selhurst Park,2021/22,3,0,18,2,62.3,37.7,13,15,2,1,0,1
11 Sep 2021,Leicester City,Manchester City,King Power Stadium,2021/22,0,1,6,25,39.5,60.5,4,11,1,2,0,0
11 Sep 2021,Manchester United,Newcastle United,Old Trafford,2021/22,4,1,21,12,64.1,35.9,9,2,1,0,0,0
11 Sep 2021,Southampton,West Ham United,St. Mary's Stadium,2021/22,0,0,11,13,41.8,58.2,10,12,3,1,0,1
11 Sep 2021,Watford,Wolverhampton Wanderers,Vicarage Road,2021/22,0,2,6,14,44.0,56.0,15,13,3,3,0,0
29 Aug 2021,Burnley,Leeds United,Turf Moor,2021/22,1,1,12,12,35.9,64.1,13,9,4,3,0,0
29 Aug 2021,Tottenham Hotspur,Watford,Tottenham Hotspur Stadium,2021/22,1,0,15,9,57.6,42.4,8,14,3,3,0,0
29 Aug 2021,Wolverhampton Wanderers,Manchester United,Molineux Stadium,2021/22,0,1,15,10,44.1,55.9,7,9,3,4,0,0
28 Aug 2021,Manchester City,Arsenal,Etihad Stadium,2021/22,5,0,25,1,80.4,19.6,5,7,1,2,0,1
28 Aug 2021,Aston Villa,Brentford,Villa Park,2021/22,1,1,7,9,46.5,53.5,15,14,3,3,0,0
28 Aug 2021,Brighton and Hove Albion,Everton,Amex Stadium,2021/22,0,2,14,14,65.6,34.4,7,9,1,2,0,0
28 Aug 2021,Newcastle United,Southampton,St. James' Park,2021/22,2,2,10,22,36.3,63.7,11,6,3,3,0,0
28 Aug 2021,Norwich City,Leicester City,Carrow Road,2021/22,1,2,14,9,44.3,55.7,8,9,2,1,0,0
28 Aug 2021,West Ham United,Crystal Palace,London Stadium,2021/22,2,2,14,9,45.7,54.3,10,7,1,0,0,0
28 Aug 2021,Liverpool,Chelsea,Anfield,2021/22,1,1,24,6,65.7,34.3,13,4,0,2,0,1
23 Aug 2021,West Ham United,Leicester City,London Stadium,2021/22,4,1,19,5,51.4,48.6,8,8,0,1,0,1
22 Aug 2021,Southampton,Manchester United,St. Mary's Stadium,2021/22,1,1,8,15,36.4,63.6,12,10,2,3,0,0
22 Aug 2021,Wolverhampton Wanderers,Tottenham Hotspur,Molineux Stadium,2021/22,0,1,25,8,57.8,42.2,9,7,1,4,0,0
22 Aug 2021,Arsenal,Chelsea,Emirates Stadium,2021/22,0,2,6,22,35.0,65.0,10,4,3,0,0,0
21 Aug 2021,Liverpool,Burnley,Anfield,2021/22,2,0,27,9,66.5,33.5,6,12,0,0,0,0
21 Aug 2021,Aston Villa,Newcastle United,Villa Park,2021/22,2,0,10,9,47.3,52.7,8,18,3,4,0,0
21 Aug 2021,Crystal Palace,Brentford,Selhurst Park,2021/22,0,0,7,14,52.7,47.3,12,9,3,1,0,0
21 Aug 2021,Leeds United,Everton,Elland Road,2021/22,2,2,17,17,70.0,30.0,6,13,2,4,0,0
21 Aug 2021,Manchester City,Norwich City,Etihad Stadium,2021/22,5,0,16,1,66.9,33.1,13,7,1,0,0,0
21 Aug 2021,Brighton and Hove Albion,Watford,Amex Stadium,2021/22,2,0,13,10,56.9,43.1,11,6,4,0,0,0
15 Aug 2021,Newcastle United,West Ham United,St. James' Park,2021/22,2,4,17,18,46.4,53.6,4,3,1,0,0,0
15 Aug 2021,Tottenham Hotspur,Manchester City,Tottenham Hotspur Stadium,2021/22,1,0,13,18,34.4,65.6,11,8,2,1,0,0
14 Aug 2021,Manchester United,Leeds United,Old Trafford,2021/22,5,1,16,10,48.6,51.4,11,9,1,2,0,0
14 Aug 2021,Burnley,Brighton and Hove Albion,Turf Moor,2021/22,1,2,14,14,35.9,64.1,10,7,2,1,0,0
14 Aug 2021,Chelsea,Crystal Palace,Stamford Bridge,2021/22,3,0,13,4,61.7,38.3,15,11,0,0,0,0
14 Aug 2021,Everton,Southampton,Goodison Park,2021/22,3,1,14,6,48.1,51.9,13,15,2,0,0,0
14 Aug 2021,Leicester City,Wolverhampton Wanderers,King Power Stadium,2021/22,1,0,9,17,56.3,43.7,6,10,1,2,0,0
14 Aug 2021,Watford,Aston Villa,Vicarage Road,2021/22,3,2,13,11,37.9,62.1,18,13,3,1,0,0
14 Aug 2021,Norwich City,Liverpool,Carrow Road,2021/22,0,3,14,19,50.1,49.9,4,14,1,1,0,0
13 Aug 2021,Brentford,Arsenal,Brentford Community Stadium,2021/22,2,0,8,22,35.3,64.7,12,8,0,0,0,0
23 May 2021,Arsenal,Brighton and Hove Albion,Emirates Stadium,2020/21,2,0,16,5,53.9,46.1,10,8,0,0,0,0
23 May 2021,Aston Villa,Chelsea,Villa Park,2020/21,2,1,6,23,28.8,71.2,11,12,3,4,0,1
23 May 2021,Fulham,Newcastle United,Craven Cottage,2020/21,0,2,14,10,64.3,35.7,12,6,1,0,0,0
23 May 2021,Leeds United,West Bromwich Albion,Elland Road,2020/21,3,1,17,14,64.4,35.6,12,12,2,1,0,0
23 May 2021,Leicester City,Tottenham Hotspur,King Power Stadium,2020/21,2,4,10,11,47.0,53.0,9,8,0,2,0,0
23 May 2021,Liverpool,Crystal Palace,Anfield,2020/21,2,0,19,5,69.6,30.4,10,8,2,2,0,0
23 May 2021,Manchester City,Everton,Etihad Stadium,2020/21,5,0,21,8,67.7,32.3,8,10,2,2,0,0
23 May 2021,Sheffield United,Burnley,Bramall Lane,2020/21,1,0,12,10,43.0,57.0,11,1,3,1,0,0
23 May 2021,West Ham United,Southampton,London Stadium,2020/21,3,0,14,17,36.9,63.1,5,9,0,3,0,0
23 May 2021,Wolverhampton Wanderers,Manchester United,Molineux Stadium,2020/21,1,2,14,9,57.2,42.8,14,3,4,1,0,0
19 May 2021,Everton,Wolverhampton Wanderers,Goodison Park,2020/21,1,0,14,9,41.0,59.0,11,11,0,2,0,0
19 May 2021,Newcastle United,Sheffield United,St. James' Park,2020/21,1,0,16,11,50.9,49.1,7,7,0,2,0,0
19 May 2021,Tottenham Hotspur,Aston Villa,Tottenham Hotspur Stadium,2020/21,1,2,10,20,60.8,39.2,14,13,1,1,0,0
19 May 2021,Crystal Palace,Arsenal,Selhurst Park,2020/21,1,3,12,6,31.3,68.7,7,7,2,1,0,0
19 May 2021,Burnley,Liverpool,Turf Moor,2020/21,0,3,10,20,41.2,58.8,10,7,0,0,0,0
19 May 2021,West Bromwich Albion,West Ham United,The Hawthorns,2020/21,1,3,14,21,52.5,47.5,8,11,2,2,0,0
18 May 2021,Manchester United,Fulham,Old Trafford,2020/21,1,1,13,8,57.1,42.9,10,15,2,3,0,0
18 May 2021,Southampton,Leeds United,St. Mary's Stadium,2020/21,0,2,18,15,51.3,48.7,10,12,0,3,0,0
18 May 2021,Brighton and Hove Albion,Manchester City,Amex Stadium,2020/21,3,2,19,8,62.7,37.3,13,11,3,3,0,1
18 May 2021,Chelsea,Leicester City,Stamford Bridge,2020/21,2,1,17,7,58.6,41.4,15,16,2,5,0,0
16 May 2021,Crystal Palace,Aston Villa,Selhurst Park,2020/21,3,2,23,19,45.5,54.5,23,13,3,2,0,0
16 May 2021,Tottenham Hotspur,Wolverhampton Wanderers,Tottenham Hotspur Stadium,2020/21,2,0,24,15,61.9,38.1,8,11,1,0,0,0
16 May 2021,West Bromwich Albion,Liverpool,The Hawthorns,2020/21,1,2,9,26,23.7,76.3,7,14,0,0,0,0
16 May 2021,Everton,Sheffield United,Goodison Park,2020/21,0,1,16,10,62.4,37.6,8,12,1,3,0,0
15 May 2021,Burnley,Leeds United,Turf Moor,2020/21,0,4,16,16,48.2,51.8,10,10,1,1,0,0
15 May 2021,Southampton,Fulham,St. Mary's Stadium,2020/21,3,1,11,10,46.2,53.8,9,15,0,1,0,0
15 May 2021,Brighton and Hove Albion,West Ham United,Amex Stadium,2020/21,1,1,10,15,51.1,48.9,7,5,1,0,0,0
14 May 2021,Newcastle United,Manchester City,St. James' Park,2020/21,3,4,11,15,17.9,82.1,11,10,2,2,0,0
13 May 2021,Aston Villa,Everton,Villa Park,2020/21,0,0,13,15,58.0,42.0,9,12,2,1,0,0
13 May 2021,Manchester United,Liverpool,Old Trafford,2020/21,2,4,18,17,53.3,46.7,10,12,3,0,0,0
12 May 2021,Chelsea,Arsenal,Stamford Bridge,2020/21,0,1,19,5,67.7,32.3,7,6,0,1,0,0
11 May 2021,Manchester United,Leicester City,Old Trafford,2020/21,1,2,4,12,53.1,46.9,9,12,0,0,0,0
11 May 2021,Southampton,Crystal Palace,St. Mary's Stadium,2020/21,3,1,13,11,62.7,37.3,20,13,2,3,0,0
10 May 2021,Fulham,Burnley,Craven Cottage,2020/21,0,2,21,14,68.0,32.0,11,10,2,0,0,0
9 May 2021,Wolverhampton Wanderers,Brighton and Hove Albion,Molineux Stadium,2020/21,2,1,16,5,60.7,39.3,12,7,2,2,0,2
9 May 2021,Aston Villa,Manchester United,Villa Park,2020/21,1,3,11,18,41.1,58.9,13,18,1,1,1,0
9 May 2021,West Ham United,Everton,London Stadium,2020/21,0,1,11,9,68.6,31.4,8,10,2,1,0,0
9 May 2021,Arsenal,West Bromwich Albion,Emirates Stadium,2020/21,3,1,15,12,65.7,34.3,7,9,1,2,0,0
8 May 2021,Manchester City,Chelsea,Etihad Stadium,2020/21,1,2,16,12,48.3,51.7,12,10,2,0,0,0
8 May 2021,Liverpool,Southampton,Anfield,2020/21,2,0,14,12,54.1,45.9,10,6,0,1,0,0
8 May 2021,Leeds United,Tottenham Hotspur,Elland Road,2020/21,3,1,16,11,53.3,46.7,12,10,1,2,0,0
8 May 2021,Sheffield United,Crystal Palace,Bramall Lane,2020/21,0,2,7,21,49.8,50.2,11,8,1,1,0,0
7 May 2021,Leicester City,Newcastle United,King Power Stadium,2020/21,2,4,25,14,68.3,31.7,12,9,1,1,0,0
3 May 2021,West Bromwich Albion,Wolverhampton Wanderers,The Hawthorns,2020/21,1,1,10,20,42.4,57.6,17,11,2,0,0,0
3 May 2021,Burnley,West Ham United,Turf Moor,2020/21,1,2,8,22,44.6,55.4,4,8,2,1,0,0
2 May 2021,Newcastle United,Arsenal,St. James' Park,2020/21,0,2,5,19,38.6,61.4,10,9,2,1,1,0
2 May 2021,Tottenham Hotspur,Sheffield United,Tottenham Hotspur Stadium,2020/21,4,0,20,8,65.8,34.2,8,9,1,1,0,0
1 May 2021,Crystal Palace,Manchester City,Selhurst Park,2020/21,0,2,9,20,30.0,70.0,9,10,2,0,0,0
1 May 2021,Brighton and Hove Albion,Leeds United,Amex Stadium,2020/21,2,0,17,11,41.9,58.1,17,6,1,1,0,0
1 May 2021,Chelsea,Fulham,Stamford Bridge,2020/21,2,0,9,10,48.7,51.3,15,8,1,1,0,0
1 May 2021,Everton,Aston Villa,Goodison Park,2020/21,1,2,16,13,47.5,52.5,10,13,0,2,0,0
30 Apr 2021,Southampton,Leicester City,St. Mary's Stadium,2020/21,1,1,5,23,29.2,70.8,9,13,1,0,1,0
26 Apr 2021,Leicester City,Crystal Palace,King Power Stadium,2020/21,2,1,13,4,66.8,33.2,13,12,0,1,0,0
25 Apr 2021,Wolverhampton Wanderers,Burnley,Molineux Stadium,2020/21,0,4,12,14,59.2,40.8,8,9,1,2,0,0
25 Apr 2021,Leeds United,Manchester United,Elland Road,2020/21,0,0,6,16,44.2,55.8,21,11,4,1,0,0
25 Apr 2021,Aston Villa,West Bromwich Albion,Villa Park,2020/21,2,2,24,10,70.2,29.8,14,9,0,2,0,0
24 Apr 2021,Liverpool,Newcastle United,Anfield,2020/21,1,1,22,7,68.5,31.5,9,7,2,1,0,0
24 Apr 2021,West Ham United,Chelsea,London Stadium,2020/21,0,1,9,17,44.5,55.5,9,11,0,4,1,0
24 Apr 2021,Sheffield United,Brighton and Hove Albion,Bramall Lane,2020/21,1,0,7,17,31.5,68.5,13,7,3,0,0,0
23 Apr 2021,Arsenal,Everton,Emirates Stadium,2020/21,0,1,14,8,59.1,40.9,13,10,1,3,0,0
22 Apr 2021,Leicester City,West Bromwich Albion,King Power Stadium,2020/21,3,0,17,4,72.7,27.3,13,12,0,2,0,0
21 Apr 2021,Tottenham Hotspur,Southampton,Tottenham Hotspur Stadium,2020/21,2,1,12,10,61.7,38.3,10,14,2,1,0,0
21 Apr 2021,Aston Villa,Manchester City,Villa Park,2020/21,1,2,8,13,28.0,72.0,12,7,0,1,1,1
20 Apr 2021,Chelsea,Brighton and Hove Albion,Stamford Bridge,2020/21,0,0,7,11,64.4,35.6,8,9,2,0,0,1
19 Apr 2021,Leeds United,Liverpool,Elland Road,2020/21,1,1,12,17,61.9,38.1,7,15,2,1,0,0
18 Apr 2021,Arsenal,Fulham,Emirates Stadium,2020/21,1,1,18,3,69.5,30.5,9,11,0,3,0,0
18 Apr 2021,Manchester United,Burnley,Old Trafford,2020/21,3,1,17,10,69.4,30.6,9,12,1,2,0,0
17 Apr 2021,Newcastle United,West Ham United,St. James' Park,2020/21,3,2,16,16,34.6,65.4,9,7,2,0,0,1
17 Apr 2021,Wolverhampton Wanderers,Sheffield United,Molineux Stadium,2020/21,1,0,10,8,47.5,52.5,8,15,1,2,0,0
16 Apr 2021,Everton,Tottenham Hotspur,Goodison Park,2020/21,2,2,18,12,52.8,47.2,8,8,1,1,0,0
12 Apr 2021,West Bromwich Albion,Southampton,The Hawthorns,2020/21,3,0,15,14,39.5,60.5,12,11,0,1,0,0
12 Apr 2021,Brighton and Hove Albion,Everton,Amex Stadium,2020/21,0,0,23,8,55.2,44.8,12,7,1,2,0,0
11 Apr 2021,Burnley,Newcastle United,Turf Moor,2020/21,1,2,24,10,57.1,42.9,11,12,1,0,0,0
11 Apr 2021,West Ham United,Leicester City,London Stadium,2020/21,3,2,4,15,36.3,63.7,7,13,3,3,0,0
11 Apr 2021,Tottenham Hotspur,Manchester United,Tottenham Hotspur Stadium,2020/21,1,3,12,12,46.8,53.2,11,15,1,5,0,0
11 Apr 2021,Sheffield United,Arsenal,Bramall Lane,2020/21,0,3,7,14,45.1,54.9,9,6,1,1,0,0
10 Apr 2021,Manchester City,Leeds United,Etihad Stadium,2020/21,1,2,29,2,71.1,28.9,12,15,3,1,0,1
10 Apr 2021,Liverpool,Aston Villa,Anfield,2020/21,2,1,23,9,66.3,33.7,16,11,2,4,0,0
10 Apr 2021,Crystal Palace,Chelsea,Selhurst Park,2020/21,1,4,1,23,35.7,64.3,7,12,1,0,0,0
9 Apr 2021,Fulham,Wolverhampton Wanderers,Craven Cottage,2020/21,0,1,14,7,49.6,50.4,11,8,0,0,0,0
5 Apr 2021,Everton,Crystal Palace,Goodison Park,2020/21,1,1,15,13,47.5,52.5,10,10,2,0,0,0
5 Apr 2021,Wolverhampton Wanderers,West Ham United,Molineux Stadium,2020/21,2,3,20,9,66.1,33.9,9,9,1,4,0,0
4 Apr 2021,Southampton,Burnley,St. Mary's Stadium,2020/21,3,2,24,7,53.4,46.6,11,10,0,0,0,0
4 Apr 2021,Newcastle United,Tottenham Hotspur,St. James' Park,2020/21,2,2,22,11,41.2,58.8,13,14,3,2,0,0
4 Apr 2021,Aston Villa,Fulham,Villa Park,2020/21,3,1,14,15,52.5,47.5,14,20,1,2,0,0
4 Apr 2021,Manchester United,Brighton and Hove Albion,Old Trafford,2020/21,2,1,15,5,57.7,42.3,14,7,2,2,0,0
3 Apr 2021,Chelsea,West Bromwich Albion,Stamford Bridge,2020/21,2,5,18,14,66.2,33.8,11,6,1,1,1,0
3 Apr 2021,Leeds United,Sheffield United,Elland Road,2020/21,2,1,23,9,54.1,45.9,12,13,1,2,0,0
3 Apr 2021,Leicester City,Manchester City,King Power Stadium,2020/21,0,2,5,11,43.8,56.2,13,12,2,3,0,0
3 Apr 2021,Arsenal,Liverpool,Emirates Stadium,2020/21,0,3,3,16,35.8,64.2,10,10,1,1,0,0
21 Mar 2021,West Ham United,Arsenal,London Stadium,2020/21,3,3,15,16,36.9,63.1,18,8,3,1,0,0
21 Mar 2021,Aston Villa,Tottenham Hotspur,Villa Park,2020/21,0,2,8,9,50.1,49.9,18,13,3,2,0,0
20 Mar 2021,Brighton and Hove Albion,Newcastle United,Amex Stadium,2020/21,3,0,11,3,65.3,34.7,12,5,0,1,0,0
19 Mar 2021,Fulham,Leeds United,Craven Cottage,2020/21,1,2,13,13,51.2,48.8,13,12,2,2,0,0
15 Mar 2021,Wolverhampton Wanderers,Liverpool,Molineux Stadium,2020/21,0,1,10,12,52.7,47.3,17,10,2,1,0,0
14 Mar 2021,Southampton,Brighton and Hove Albion,St. Mary's Stadium,2020/21,1,2,9,8,59.4,40.6,11,10,0,0,0,0
14 Mar 2021,Leicester City,Sheffield United,King Power Stadium,2020/21,5,0,19,1,71.7,28.3,10,9,0,2,0,0
14 Mar 2021,Arsenal,Tottenham Hotspur,Emirates Stadium,2020/21,2,1,13,6,52.6,47.4,12,14,1,2,0,1
14 Mar 2021,Manchester United,West Ham United,Old Trafford,2020/21,1,0,15,7,61.8,38.2,12,2,4,0,0,0
13 Mar 2021,Leeds United,Chelsea,Elland Road,2020/21,0,0,7,15,37.7,62.3,16,6,3,0,0,0
13 Mar 2021,Crystal Palace,West Bromwich Albion,Selhurst Park,2020/21,1,0,6,12,44.3,55.7,16,15,3,1,0,0
13 Mar 2021,Everton,Burnley,Goodison Park,2020/21,1,2,14,14,65.5,34.5,9,6,0,4,0,0
13 Mar 2021,Fulham,Manchester City,Craven Cottage,2020/21,0,3,3,8,46.1,53.9,14,13,0,0,0,0
12 Mar 2021,Newcastle United,Aston Villa,St. James' Park,2020/21,1,1,12,15,49.2,50.8,10,10,2,3,0,0
10 Mar 2021,Manchester City,Southampton,Etihad Stadium,2020/21,5,2,17,11,58.3,41.7,6,4,1,0,0,0
8 Mar 2021,Chelsea,Everton,Stamford Bridge,2020/21,2,0,19,7,65.5,34.5,11,12,0,3,0,0
8 Mar 2021,West Ham United,Leeds United,London Stadium,2020/21,2,0,16,17,34.7,65.3,9,9,1,1,0,0
7 Mar 2021,West Bromwich Albion,Newcastle United,The Hawthorns,2020/21,0,0,13,9,52.8,47.2,11,10,0,0,0,0
7 Mar 2021,Liverpool,Fulham,Anfield,2020/21,0,1,16,10,63.1,36.9,10,8,2,3,0,0
7 Mar 2021,Manchester City,Manchester United,Etihad Stadium,2020/21,0,2,23,8,65.9,34.1,9,12,0,3,0,0
7 Mar 2021,Tottenham Hotspur,Crystal Palace,Tottenham Hotspur Stadium,2020/21,4,1,12,5,64.2,35.8,8,17,2,3,0,0
6 Mar 2021,Burnley,Arsenal,Turf Moor,2020/21,1,1,9,15,41.1,58.9,5,12,1,1,1,0
6 Mar 2021,Sheffield United,Southampton,Bramall Lane,2020/21,0,2,8,15,50.9,49.1,17,11,4,3,0,0
6 Mar 2021,Aston Villa,Wolverhampton Wanderers,Villa Park,2020/21,0,0,9,10,49.2,50.8,13,13,1,0,0,0
6 Mar 2021,Brighton and Hove Albion,Leicester City,Amex Stadium,2020/21,1,2,7,8,36.6,63.4,14,8,0,1,0,0
4 Mar 2021,Fulham,Tottenham Hotspur,Craven Cottage,2020/21,0,1,11,9,59.6,40.4,13,9,2,1,0,0
4 Mar 2021,West Bromwich Albion,Everton,The Hawthorns,2020/21,0,1,11,11,48.1,51.9,9,7,3,1,0,0
4 Mar 2021,Liverpool,Chelsea,Anfield,2020/21,0,1,7,11,54.2,45.8,9,8,0,0,0,0
3 Mar 2021,Burnley,Leicester City,Turf Moor,2020/21,1,1,12,16,38.9,61.1,6,12,0,2,0,0
3 Mar 2021,Crystal Palace,Manchester United,Selhurst Park,2020/21,0,0,8,11,37.0,63.0,4,13,1,0,0,0
3 Mar 2021,Sheffield United,Aston Villa,Bramall Lane,2020/21,1,0,9,16,28.2,71.8,13,6,1,0,1,0
2 Mar 2021,Manchester City,Wolverhampton Wanderers,Etihad Stadium,2020/21,4,1,22,6,72.1,27.9,9,5,0,1,0,0
1 Mar 2021,Everton,Southampton,Goodison Park,2020/21,1,0,7,9,46.6,53.4,13,9,0,2,0,0
28 Feb 2021,Crystal Palace,Fulham,Selhurst Park,2020/21,0,0,3,16,40.4,59.6,10,14,1,1,0,0
28 Feb 2021,Leicester City,Arsenal,King Power Stadium,2020/21,1,3,8,12,44.2,55.8,15,3,2,1,0,0
28 Feb 2021,Tottenham Hotspur,Burnley,Tottenham Hotspur Stadium,2020/21,4,0,16,10,58.3,41.7,6,10,0,0,0,0
28 Feb 2021,Chelsea,Manchester United,Stamford Bridge,2020/21,0,0,18,11,57.4,42.6,11,12,1,2,0,0
28 Feb 2021,Sheffield United,Liverpool,Bramall Lane,2020/21,0,2,8,16,39.3,60.7,9,9,0,0,0,0
27 Feb 2021,Manchester City,West Ham United,Etihad Stadium,2020/21,2,1,10,9,63.2,36.8,8,11,1,1,0,0
27 Feb 2021,West Bromwich Albion,Brighton and Hove Albion,The Hawthorns,2020/21,1,0,6,15,29.9,70.1,11,13,0,1,0,0
27 Feb 2021,Leeds United,Aston Villa,Elland Road,2020/21,0,1,13,9,69.2,30.8,14,14,3,2,0,0
27 Feb 2021,Newcastle United,Wolverhampton Wanderers,St. James' Park,2020/21,1,1,19,14,47.6,52.4,11,13,2,0,0,0
23 Feb 2021,Leeds United,Southampton,Elland Road,2020/21,3,0,11,13,46.7,53.3,11,13,1,2,0,0
22 Feb 2021,Brighton and Hove Albion,Crystal Palace,Amex Stadium,2020/21,1,2,25,3,74.5,25.5,11,6,2,0,0,0
21 Feb 2021,West Ham United,Tottenham Hotspur,London Stadium,2020/21,2,1,4,20,30.8,69.2,14,7,4,3,0,0
21 Feb 2021,Aston Villa,Leicester City,Villa Park,2020/21,1,2,11,16,49.9,50.1,11,12,2,1,0,0
21 Feb 2021,Arsenal,Manchester City,Emirates Stadium,2020/21,0,1,7,15,45.0,55.0,11,9,2,2,0,0
21 Feb 2021,Manchester United,Newcastle United,Old Trafford,2020/21,3,1,15,10,71.6,28.4,9,11,1,2,0,0
20 Feb 2021,Southampton,Chelsea,St. Mary's Stadium,2020/21,1,1,4,9,29.1,70.9,10,10,1,1,0,0
20 Feb 2021,Burnley,West Bromwich Albion,Turf Moor,2020/21,0,0,6,10,62.1,37.9,16,10,3,0,0,1
20 Feb 2021,Liverpool,Everton,Anfield,2020/21,0,2,15,9,71.4,28.6,10,10,2,1,0,0
20 Feb 2021,Fulham,Sheffield United,Craven Cottage,2020/21,1,0,15,4,65.1,34.9,11,14,1,2,0,0
19 Feb 2021,Wolverhampton Wanderers,Leeds United,Molineux Stadium,2020/21,1,0,15,18,41.0,59.0,13,8,1,0,0,0
17 Feb 2021,Burnley,Fulham,Turf Moor,2020/21,1,1,8,8,46.0,54.0,7,13,1,1,0,0
17 Feb 2021,Everton,Manchester City,Goodison Park,2020/21,1,3,3,16,29.6,70.4,8,8,2,1,0,0
15 Feb 2021,West Ham United,Sheffield United,London Stadium,2020/21,3,0,13,8,45.9,54.1,11,12,0,2,0,0
15 Feb 2021,Chelsea,Newcastle United,Stamford Bridge,2020/21,2,0,18,10,65.6,34.4,9,13,0,0,0,0
14 Feb 2021,Southampton,Wolverhampton Wanderers,St. Mary's Stadium,2020/21,1,2,7,10,51.1,48.9,10,9,2,2,0,0
14 Feb 2021,West Bromwich Albion,Manchester United,The Hawthorns,2020/21,1,1,7,10,26.9,73.1,13,10,5,0,0,0
14 Feb 2021,Arsenal,Leeds United,Emirates Stadium,2020/21,4,2,13,9,45.9,54.1,8,17,0,2,0,0
14 Feb 2021,Everton,Fulham,Goodison Park,2020/21,0,2,7,12,49.7,50.3,7,16,1,1,0,0
13 Feb 2021,Leicester City,Liverpool,King Power Stadium,2020/21,3,1,11,15,38.0,62.0,7,6,1,2,0,0
13 Feb 2021,Crystal Palace,Burnley,Selhurst Park,2020/21,0,3,13,16,53.3,46.7,15,14,0,0,0,0
13 Feb 2021,Manchester City,Tottenham Hotspur,Etihad Stadium,2020/21,3,0,15,7,60.4,39.6,12,13,1,3,0,0
13 Feb 2021,Brighton and Hove Albion,Aston Villa,Amex Stadium,2020/21,0,0,26,4,58.2,41.8,16,12,2,3,0,0
8 Feb 2021,Leeds United,Crystal Palace,Elland Road,2020/21,2,0,17,8,68.2,31.8,7,8,0,2,0,0
7 Feb 2021,Tottenham Hotspur,West Bromwich Albion,Tottenham Hotspur Stadium,2020/21,2,0,13,4,65.6,34.4,16,12,1,2,0,0
7 Feb 2021,Wolverhampton Wanderers,Leicester City,Molineux Stadium,2020/21,0,0,13,13,43.9,56.1,11,15,1,3,0,0
7 Feb 2021,Liverpool,Manchester City,Anfield,2020/21,1,4,8,8,55.9,44.1,13,8,2,1,0,0
7 Feb 2021,Sheffield United,Chelsea,Bramall Lane,2020/21,1,2,8,9,31.1,68.9,8,8,1,0,0,0
6 Feb 2021,Aston Villa,Arsenal,Villa Park,2020/21,1,0,12,14,33.6,66.4,12,12,3,2,0,0
6 Feb 2021,Burnley,Brighton and Hove Albion,Turf Moor,2020/21,1,1,20,10,54.5,45.5,8,10,2,0,0,0
6 Feb 2021,Newcastle United,Southampton,St. James' Park,2020/21,3,2,6,14,26.2,73.8,11,14,2,1,1,0
6 Feb 2021,Fulham,West Ham United,Craven Cottage,2020/21,0,0,20,8,60.6,39.4,11,10,1,3,0,1
6 Feb 2021,Manchester United,Everton,Old Trafford,2020/21,3,3,14,6,62.0,38.0,14,10,2,1,0,0
4 Feb 2021,Tottenham Hotspur,Chelsea,Tottenham Hotspur Stadium,2020/21,0,1,7,16,42.0,58.0,20,14,2,3,0,0
3 Feb 2021,Burnley,Manchester City,Turf Moor,2020/21,0,2,2,13,25.7,74.3,8,5,2,1,0,0
3 Feb 2021,Fulham,Leicester City,Craven Cottage,2020/21,0,2,8,9,57.5,42.5,17,10,3,1,0,0
3 Feb 2021,Leeds United,Everton,Elland Road,2020/21,1,2,16,10,63.2,36.8,12,12,2,3,0,0
3 Feb 2021,Aston Villa,West Ham United,Villa Park,2020/21,1,3,9,20,56.5,43.5,11,16,1,1,0,0
3 Feb 2021,Liverpool,Brighton and Hove Albion,Anfield,2020/21,0,1,11,13,63.4,36.6,12,6,1,0,0,0
2 Feb 2021,Sheffield United,West Bromwich Albion,Bramall Lane,2020/21,2,1,14,8,68.3,31.7,11,9,2,1,0,0
2 Feb 2021,Wolverhampton Wanderers,Arsenal,Molineux Stadium,2020/21,2,1,11,9,54.6,45.4,11,8,3,2,0,2
2 Feb 2021,Manchester United,Southampton,Old Trafford,2020/21,9,0,24,3,74.6,25.4,11,6,2,3,0,2
2 Feb 2021,Newcastle United,Crystal Palace,St. James' Park,2020/21,1,2,21,6,61.3,38.7,14,11,1,3,0,0
31 Jan 2021,Chelsea,Burnley,Stamford Bridge,2020/21,2,0,19,1,71.1,28.9,7,9,0,1,0,0
31 Jan 2021,Leicester City,Leeds United,King Power Stadium,2020/21,1,3,18,8,50.8,49.2,17,16,0,3,0,0
31 Jan 2021,West Ham United,Liverpool,London Stadium,2020/21,1,3,8,14,32.8,67.2,7,8,2,0,0,0
31 Jan 2021,Brighton and Hove Albion,Tottenham Hotspur,Amex Stadium,2020/21,1,0,16,8,43.2,56.8,11,11,2,1,0,0
30 Jan 2021,Everton,Newcastle United,Goodison Park,2020/21,0,2,11,13,60.9,39.1,13,6,3,4,0,0
30 Jan 2021,Crystal Palace,Wolverhampton Wanderers,Selhurst Park,2020/21,1,0,11,6,47.3,52.7,7,10,1,2,0,0
30 Jan 2021,Manchester City,Sheffield United,Etihad Stadium,2020/21,1,0,10,4,75.0,25.0,7,10,0,3,0,0
30 Jan 2021,West Bromwich Albion,Fulham,The Hawthorns,2020/21,2,2,5,12,37.5,62.5,9,10,1,0,0,0
30 Jan 2021,Arsenal,Manchester United,Emirates Stadium,2020/21,0,0,17,14,43.3,56.7,9,16,1,3,0,0
30 Jan 2021,Southampton,Aston Villa,St. Mary's Stadium,2020/21,0,1,20,8,59.8,40.2,12,11,1,0,0,0
28 Jan 2021,Tottenham Hotspur,Liverpool,Tottenham Hotspur Stadium,2020/21,1,3,3,14,49.8,50.2,9,11,1,2,0,0
27 Jan 2021,Burnley,Aston Villa,Turf Moor,2020/21,3,2,10,18,38.2,61.8,16,7,1,0,0,0
27 Jan 2021,Chelsea,Wolverhampton Wanderers,Stamford Bridge,2020/21,0,0,14,4,78.9,21.1,14,7,1,1,0,0
27 Jan 2021,Brighton and Hove Albion,Fulham,Amex Stadium,2020/21,0,0,16,10,49.5,50.5,10,14,2,1,0,0
27 Jan 2021,Everton,Leicester City,Goodison Park,2020/21,1,1,8,19,35.0,65.0,12,10,1,1,0,0
27 Jan 2021,Manchester United,Sheffield United,Old Trafford,2020/21,1,2,16,5,75.8,24.2,10,12,1,1,0,0
26 Jan 2021,Crystal Palace,West Ham United,Selhurst Park,2020/21,2,3,6,17,54.2,45.8,9,8,0,0,0,0
26 Jan 2021,Newcastle United,Leeds United,St. James' Park,2020/21,1,2,22,9,42.3,57.7,10,15,1,3,0,0
26 Jan 2021,Southampton,Arsenal,St. Mary's Stadium,2020/21,1,3,13,9,58.0,42.0,11,6,1,2,0,0
26 Jan 2021,West Bromwich Albion,Manchester City,The Hawthorns,2020/21,0,5,4,18,22.3,77.7,8,8,2,0,0,0
23 Jan 2021,Aston Villa,Newcastle United,Villa Park,2020/21,2,0,14,7,59.2,40.8,9,18,0,3,0,0
21 Jan 2021,Liverpool,Burnley,Anfield,2020/21,0,1,27,6,71.8,28.2,11,8,2,1,0,0
20 Jan 2021,Manchester City,Aston Villa,Etihad Stadium,2020/21,2,0,28,11,69.1,30.9,10,9,0,2,0,0
20 Jan 2021,Fulham,Manchester United,Craven Cottage,2020/21,1,2,12,15,38.4,61.6,6,10,3,1,0,0
19 Jan 2021,Leicester City,Chelsea,King Power Stadium,2020/21,2,0,8,9,35.6,64.4,7,16,1,3,0,0
19 Jan 2021,West Ham United,West Bromwich Albion,London Stadium,2020/21,2,1,14,6,59.0,41.0,10,10,0,1,0,0
18 Jan 2021,Arsenal,Newcastle United,Emirates Stadium,2020/21,3,0,20,4,66.4,33.6,9,8,0,0,0,0
17 Jan 2021,Sheffield United,Tottenham Hotspur,Bramall Lane,2020/21,1,3,15,14,42.0,58.0,13,4,4,0,0,0
17 Jan 2021,Liverpool,Manchester United,Anfield,2020/21,0,0,17,8,65.7,34.3,15,6,2,1,0,0
17 Jan 2021,Manchester City,Crystal Palace,Etihad Stadium,2020/21,4,0,13,2,72.2,27.8,9,8,0,0,0,0
16 Jan 2021,Wolverhampton Wanderers,West Bromwich Albion,Molineux Stadium,2020/21,2,3,23,12,67.8,32.2,10,14,2,1,0,0
16 Jan 2021,Leeds United,Brighton and Hove Albion,Elland Road,2020/21,0,1,7,7,66.6,33.4,8,9,1,1,0,0
16 Jan 2021,West Ham United,Burnley,London Stadium,2020/21,1,0,15,10,44.8,55.2,12,9,2,1,0,0
16 Jan 2021,Fulham,Chelsea,Craven Cottage,2020/21,0,1,10,21,30.2,69.8,11,10,2,3,1,0
16 Jan 2021,Leicester City,Southampton,King Power Stadium,2020/21,2,0,16,8,47.4,52.6,10,11,2,2,0,0
14 Jan 2021,Arsenal,Crystal Palace,Emirates Stadium,2020/21,0,0,11,12,67.3,32.7,11,11,1,1,0,0
13 Jan 2021,Manchester City,Brighton and Hove Albion,Etihad Stadium,2020/21,1,0,16,5,65.1,34.9,4,12,0,2,0,0
13 Jan 2021,Tottenham Hotspur,Fulham,Tottenham Hotspur Stadium,2020/21,1,1,15,15,52.4,47.6,13,15,1,2,0,0
12 Jan 2021,Sheffield United,Newcastle United,Bramall Lane,2020/21,1,0,17,7,66.2,33.8,13,12,2,3,0,1
12 Jan 2021,Burnley,Manchester United,Turf Moor,2020/21,0,1,11,13,37.3,62.7,15,13,1,2,0,0
12 Jan 2021,Wolverhampton Wanderers,Everton,Molineux Stadium,2020/21,1,2,12,5,52.8,47.2,6,11,2,2,0,0
4 Jan 2021,Southampton,Liverpool,St. Mary's Stadium,2020/21,1,0,7,17,33.0,67.0,5,12,1,3,0,0
3 Jan 2021,Newcastle United,Leicester City,St. James' Park,2020/21,1,2,8,9,43.3,56.7,10,11,0,2,0,0
3 Jan 2021,Chelsea,Manchester City,Stamford Bridge,2020/21,1,3,9,18,54.6,45.4,11,10,3,1,0,0
2 Jan 2021,Tottenham Hotspur,Leeds United,Tottenham Hotspur Stadium,2020/21,3,0,20,18,36.7,63.3,15,13,2,1,1,0
2 Jan 2021,Crystal Palace,Sheffield United,Selhurst Park,2020/21,2,0,9,7,44.4,55.6,8,18,1,3,0,0
2 Jan 2021,Brighton and Hove Albion,Wolverhampton Wanderers,Amex Stadium,2020/21,3,3,13,11,54.5,45.5,13,8,2,1,0,0
2 Jan 2021,West Bromwich Albion,Arsenal,The Hawthorns,2020/21,0,4,7,21,38.1,61.9,7,4,1,2,0,0
1 Jan 2021,Everton,West Ham United,Goodison Park,2020/21,0,1,10,11,60.0,40.0,9,7,2,0,0,0
1 Jan 2021,Manchester United,Aston Villa,Old Trafford,2020/21,2,1,19,15,48.4,51.6,22,10,4,0,0,0
30 Dec 2020,Newcastle United,Liverpool,St. James' Park,2020/21,0,0,8,11,26.9,73.1,9,13,2,3,0,0
29 Dec 2020,Brighton and Hove Albion,Arsenal,Amex Stadium,2020/21,0,1,13,11,49.7,50.3,11,4,2,0,0,0
29 Dec 2020,Burnley,Sheffield United,Turf Moor,2020/21,1,0,5,7,37.1,62.9,13,17,1,2,0,0
29 Dec 2020,Southampton,West Ham United,St. Mary's Stadium,2020/21,0,0,8,8,62.6,37.4,16,15,3,1,0,0
29 Dec 2020,West Bromwich Albion,Leeds United,The Hawthorns,2020/21,0,5,4,14,24.4,75.6,7,10,0,1,0,0
29 Dec 2020,Manchester United,Wolverhampton Wanderers,Old Trafford,2020/21,1,0,11,9,58.2,41.8,11,7,1,1,0,0
28 Dec 2020,Crystal Palace,Leicester City,Selhurst Park,2020/21,1,1,4,17,33.1,66.9,10,7,0,1,0,0
28 Dec 2020,Chelsea,Aston Villa,Stamford Bridge,2020/21,1,1,16,10,63.4,36.6,16,3,3,1,0,0
27 Dec 2020,Leeds United,Burnley,Elland Road,2020/21,1,0,11,14,51.4,48.6,8,14,0,3,0,0
27 Dec 2020,West Ham United,Brighton and Hove Albion,London Stadium,2020/21,2,2,11,13,43.6,56.4,6,8,0,0,0,0
27 Dec 2020,Liverpool,West Bromwich Albion,Anfield,2020/21,1,1,17,5,78.4,21.6,8,5,0,1,0,0
27 Dec 2020,Wolverhampton Wanderers,Tottenham Hotspur,Molineux Stadium,2020/21,1,1,11,6,54.8,45.2,20,13,4,1,0,0
26 Dec 2020,Arsenal,Chelsea,Emirates Stadium,2020/21,3,1,15,19,39.0,61.0,13,10,2,1,0,0
26 Dec 2020,Manchester City,Newcastle United,Etihad Stadium,2020/21,2,0,11,7,75.1,24.9,5,12,2,2,0,0
26 Dec 2020,Sheffield United,Everton,Bramall Lane,2020/21,0,1,10,7,43.8,56.2,11,10,2,4,0,0
26 Dec 2020,Leicester City,Manchester United,King Power Stadium,2020/21,2,2,10,9,54.4,45.6,10,17,2,1,0,0
26 Dec 2020,Aston Villa,Crystal Palace,Villa Park,2020/21,3,0,20,13,38.6,61.4,18,16,1,4,1,0
26 Dec 2020,Fulham,Southampton,Craven Cottage,2020/21,0,0,10,3,46.7,53.3,15,12,2,0,0,0
21 Dec 2020,Burnley,Wolverhampton Wanderers,Turf Moor,2020/21,2,1,10,15,36.4,63.6,11,15,2,1,0,0
21 Dec 2020,Chelsea,West Ham United,Stamford Bridge,2020/21,3,0,11,6,53.7,46.3,11,6,0,0,0,0
20 Dec 2020,Brighton and Hove Albion,Sheffield United,Amex Stadium,2020/21,1,1,21,5,73.5,26.5,9,11,1,5,0,1
20 Dec 2020,Tottenham Hotspur,Leicester City,Tottenham Hotspur Stadium,2020/21,0,2,8,17,56.4,43.6,15,14,2,2,0,0
20 Dec 2020,Manchester United,Leeds United,Old Trafford,2020/21,6,2,26,17,41.5,58.5,6,6,1,0,0,0
20 Dec 2020,West Bromwich Albion,Aston Villa,The Hawthorns,2020/21,0,3,1,19,32.7,67.3,14,8,1,2,1,0
19 Dec 2020,Crystal Palace,Liverpool,Selhurst Park,2020/21,0,7,5,14,35.3,64.7,5,11,1,0,0,0
19 Dec 2020,Southampton,Manchester City,St. Mary's Stadium,2020/21,0,1,9,11,48.3,51.7,9,11,2,2,0,0
19 Dec 2020,Everton,Arsenal,Goodison Park,2020/21,2,1,9,13,42.2,57.8,9,9,1,3,0,0
19 Dec 2020,Newcastle United,Fulham,St. James' Park,2020/21,1,1,12,11,49.5,50.5,7,17,1,3,0,1
17 Dec 2020,Aston Villa,Burnley,Villa Park,2020/21,0,0,27,6,59.1,40.9,17,19,1,1,0,0
17 Dec 2020,Sheffield United,Manchester United,Bramall Lane,2020/21,2,3,12,15,40.1,59.9,17,8,3,2,0,0
16 Dec 2020,Arsenal,Southampton,Emirates Stadium,2020/21,1,1,9,13,35.2,64.8,13,13,1,3,1,0
16 Dec 2020,Leeds United,Newcastle United,Elland Road,2020/21,5,2,25,10,68.7,31.3,10,13,3,1,0,0
16 Dec 2020,Leicester City,Everton,King Power Stadium,2020/21,0,2,14,11,61.0,39.0,12,9,2,3,0,0
16 Dec 2020,Fulham,Brighton and Hove Albion,Craven Cottage,2020/21,0,0,9,9,46.4,53.6,15,11,1,0,0,0
16 Dec 2020,Liverpool,Tottenham Hotspur,Anfield,2020/21,2,1,17,8,75.8,24.2,8,9,0,2,0,0
16 Dec 2020,West Ham United,Crystal Palace,London Stadium,2020/21,1,1,9,8,51.9,48.1,8,12,0,1,0,1
15 Dec 2020,Wolverhampton Wanderers,Chelsea,Molineux Stadium,2020/21,2,1,12,13,45.1,54.9,12,12,2,2,0,0
15 Dec 2020,Manchester City,West Bromwich Albion,Etihad Stadium,2020/21,1,1,26,5,77.2,22.8,5,8,2,3,0,0
13 Dec 2020,Southampton,Sheffield United,St. Mary's Stadium,2020/21,3,0,16,3,68.2,31.8,8,14,0,1,0,0
13 Dec 2020,Crystal Palace,Tottenham Hotspur,Selhurst Park,2020/21,1,1,16,14,42.9,57.1,15,11,1,1,0,0
13 Dec 2020,Fulham,Liverpool,Craven Cottage,2020/21,1,1,10,12,24.9,75.1,9,5,3,1,0,0
13 Dec 2020,Arsenal,Burnley,Emirates Stadium,2020/21,0,1,18,10,64.7,35.3,5,11,2,1,1,0
13 Dec 2020,Leicester City,Brighton and Hove Albion,King Power Stadium,2020/21,3,0,15,12,54.1,45.9,9,10,2,1,0,0
12 Dec 2020,Wolverhampton Wanderers,Aston Villa,Molineux Stadium,2020/21,0,1,16,13,50.5,49.5,23,15,2,5,1,1
12 Dec 2020,Newcastle United,West Bromwich Albion,St. James' Park,2020/21,2,1,12,13,45.3,54.7,9,12,2,3,0,0
12 Dec 2020,Manchester United,Manchester City,Old Trafford,2020/21,0,0,11,9,46.1,53.9,13,6,1,1,0,0
12 Dec 2020,Everton,Chelsea,Goodison Park,2020/21,1,0,9,10,28.0,72.0,10,11,2,3,0,0
11 Dec 2020,Leeds United,West Ham United,Elland Road,2020/21,1,2,13,19,64.0,36.0,12,10,1,2,0,0
7 Dec 2020,Brighton and Hove Albion,Southampton,Amex Stadium,2020/21,1,2,12,10,47.7,52.3,12,12,3,3,0,0
6 Dec 2020,West Bromwich Albion,Crystal Palace,The Hawthorns,2020/21,1,5,9,18,50.1,49.9,10,16,2,2,1,0
6 Dec 2020,Sheffield United,Leicester City,Bramall Lane,2020/21,1,2,4,13,29.7,70.3,13,6,1,3,0,0
6 Dec 2020,Tottenham Hotspur,Arsenal,Tottenham Hotspur Stadium,2020/21,2,0,5,11,30.2,69.8,16,12,1,2,0,0
6 Dec 2020,Liverpool,Wolverhampton Wanderers,Anfield,2020/21,4,0,11,9,60.6,39.4,8,14,1,1,0,0
5 Dec 2020,West Ham United,Manchester United,London Stadium,2020/21,1,3,19,15,39.3,60.7,9,10,0,0,0,0
5 Dec 2020,Chelsea,Leeds United,Stamford Bridge,2020/21,3,1,23,8,45.8,54.2,12,9,0,2,0,0
26 Jul 2020,Arsenal,Watford,Emirates Stadium,2019/20,3,2,13,19,51.1,48.9,9,12,3,3,0,0
26 Jul 2020,Burnley,Brighton and Hove Albion,Turf Moor,2019/20,1,2,13,15,54.2,45.8,11,11,3,0,0,0
26 Jul 2020,Chelsea,Wolverhampton Wanderers,Stamford Bridge,2019/20,2,0,11,5,62.9,37.1,10,16,2,3,0,0
26 Jul 2020,Crystal Palace,Tottenham Hotspur,Selhurst Park,2019/20,1,1,13,7,47.2,52.8,11,13,3,2,0,0
26 Jul 2020,Everton,AFC Bournemouth,Goodison Park,2019/20,1,3,13,13,70.0,30.0,11,9,1,0,0,0
26 Jul 2020,Leicester City,Manchester United,King Power Stadium,2019/20,0,2,14,7,45.8,54.2,12,11,1,5,1,0
26 Jul 2020,Manchester City,Norwich City,Etihad Stadium,2019/20,5,0,31,5,73.1,26.9,7,4,1,1,0,0
26 Jul 2020,Newcastle United,Liverpool,St. James' Park,2019/20,1,3,3,14,25.3,74.7,11,5,1,0,0,0
26 Jul 2020,Southampton,Sheffield United,St. Mary's Stadium,2019/20,3,1,13,5,72.1,27.9,9,16,0,1,0,0
26 Jul 2020,West Ham United,Aston Villa,London Stadium,2019/20,1,1,10,13,63.0,37.0,16,13,2,1,0,0
22 Jul 2020,Manchester United,West Ham United,Old Trafford,2019/20,1,1,11,12,57.2,42.8,10,9,3,1,0,0
22 Jul 2020,Liverpool,Chelsea,Anfield,2019/20,5,3,10,10,50.0,50.0,8,11,1,0,0,0
21 Jul 2020,Watford,Manchester City,Vicarage Road,2019/20,0,4,2,26,23.1,76.9,14,11,2,0,0,0
21 Jul 2020,Aston Villa,Arsenal,Villa Park,2019/20,1,0,8,7,31.0,69.0,13,19,2,4,0,0
20 Jul 2020,Brighton and Hove Albion,Newcastle United,Amex Stadium,2019/20,0,0,11,12,62.5,37.5,13,12,4,2,0,0
20 Jul 2020,Sheffield United,Everton,Bramall Lane,2019/20,0,1,8,5,50.6,49.4,11,19,1,3,0,0
20 Jul 2020,Wolverhampton Wanderers,Crystal Palace,Molineux Stadium,2019/20,2,0,11,7,53.4,46.6,11,15,2,1,0,0
19 Jul 2020,AFC Bournemouth,Southampton,Vitality Stadium,2019/20,0,2,11,16,43.0,57.0,12,11,2,2,0,0
19 Jul 2020,Tottenham Hotspur,Leicester City,Tottenham Hotspur Stadium,2019/20,3,0,7,24,29.0,71.0,15,10,2,1,0,0
18 Jul 2020,Norwich City,Burnley,Carrow Road,2019/20,0,2,6,23,42.3,57.7,9,16,0,0,2,0
17 Jul 2020,West Ham United,Watford,London Stadium,2019/20,3,1,10,14,40.6,59.4,11,11,0,2,0,0
16 Jul 2020,Everton,Aston Villa,Goodison Park,2019/20,1,1,9,15,54.9,45.1,15,13,2,1,0,0
16 Jul 2020,Leicester City,Sheffield United,King Power Stadium,2019/20,2,0,15,5,54.4,45.6,12,10,1,2,0,0
16 Jul 2020,Crystal Palace,Manchester United,Selhurst Park,2019/20,0,2,13,17,40.6,59.4,10,15,1,2,0,0
16 Jul 2020,Southampton,Brighton and Hove Albion,St. Mary's Stadium,2019/20,1,1,21,10,67.9,32.1,6,10,1,0,0,0
15 Jul 2020,Burnley,Wolverhampton Wanderers,Turf Moor,2019/20,1,1,9,14,46.7,53.3,10,8,0,0,0,0
15 Jul 2020,Manchester City,AFC Bournemouth,Etihad Stadium,2019/20,2,1,8,15,72.5,27.5,10,10,1,1,0,0
15 Jul 2020,Newcastle United,Tottenham Hotspur,St. James' Park,2019/20,1,3,22,8,52.8,47.2,6,13,2,3,0,0
15 Jul 2020,Arsenal,Liverpool,Emirates Stadium,2019/20,2,1,3,24,31.1,68.9,14,10,3,1,0,0
14 Jul 2020,Chelsea,Norwich City,Stamford Bridge,2019/20,1,0,22,2,67.7,32.3,10,9,2,2,0,0
13 Jul 2020,Manchester United,Southampton,Old Trafford,2019/20,2,2,8,9,47.5,52.5,14,15,1,3,0,0
12 Jul 2020,Wolverhampton Wanderers,Everton,Molineux Stadium,2019/20,3,0,14,6,55.1,44.9,9,9,0,2,0,0
12 Jul 2020,Aston Villa,Crystal Palace,Villa Park,2019/20,2,0,12,9,44.9,55.1,21,21,2,4,0,1
12 Jul 2020,Tottenham Hotspur,Arsenal,Tottenham Hotspur Stadium,2019/20,2,1,15,13,37.3,62.7,16,11,5,3,0,0
12 Jul 2020,AFC Bournemouth,Leicester City,Vitality Stadium,2019/20,4,1,9,13,44.1,55.9,11,12,2,1,0,1
11 Jul 2020,Norwich City,West Ham United,Carrow Road,2019/20,0,4,11,19,52.5,47.5,9,8,1,0,0,0
11 Jul 2020,Watford,Newcastle United,Vicarage Road,2019/20,2,1,17,8,47.7,52.3,23,15,1,4,0,0
11 Jul 2020,Liverpool,Burnley,Anfield,2019/20,1,1,23,6,70.8,29.2,7,4,1,2,0,0
11 Jul 2020,Sheffield United,Chelsea,Bramall Lane,2019/20,3,0,9,15,23.7,76.3,8,6,1,0,0,0
11 Jul 2020,Brighton and Hove Albion,Manchester City,Amex Stadium,2019/20,0,5,3,26,29.8,70.2,7,3,1,0,0,0
12 May 2019,Brighton and Hove Albion,Manchester City,Amex Stadium,2018/19,1,4,6,20,23.7,76.3,12,8,0,0,0,0
12 May 2019,Burnley,Arsenal,Turf Moor,2018/19,1,3,14,17,39.7,60.3,11,3,5,1,0,0
12 May 2019,Crystal Palace,AFC Bournemouth,Selhurst Park,2018/19,5,3,17,16,45.0,55.0,11,8,3,0,0,0
12 May 2019,Fulham,Newcastle United,Craven Cottage,2018/19,0,4,16,13,68.1,31.9,6,8,1,0,0,0
12 May 2019,Leicester City,Chelsea,King Power Stadium,2018/19,0,0,9,14,46.9,53.1,9,8,0,1,0,0
12 May 2019,Liverpool,Wolverhampton Wanderers,Anfield,2018/19,2,0,13,7,59.0,41.0,3,11,0,2,0,0
12 May 2019,Manchester United,Cardiff City,Old Trafford,2018/19,0,2,26,13,73.6,26.4,9,6,3,3,0,0
12 May 2019,Southampton,Huddersfield Town,St. Mary's Stadium,2018/19,1,1,10,10,53.7,46.3,8,6,0,1,0,0
12 May 2019,Tottenham Hotspur,Everton,Tottenham Hotspur Stadium,2018/19,2,2,11,16,55.0,45.0,10,13,0,2,0,0
12 May 2019,Watford,West Ham United,Vicarage Road,2018/19,1,4,17,16,48.3,51.7,10,10,1,0,1,0
6 May 2019,Manchester City,Leicester City,Etihad Stadium,2018/19,1,0,19,7,61.0,39.0,12,5,3,2,0,0
5 May 2019,Chelsea,Watford,Stamford Bridge,2018/19,3,0,19,16,58.4,41.6,6,12,0,1,0,0
5 May 2019,Huddersfield Town,Manchester United,John Smith's Stadium,2018/19,1,1,7,23,35.8,64.2,10,10,1,1,0,0
5 May 2019,Arsenal,Brighton and Hove Albion,Emirates Stadium,2018/19,1,1,20,11,70.5,29.5,9,14,5,2,0,0
4 May 2019,AFC Bournemouth,Tottenham Hotspur,Vitality Stadium,2018/19,1,0,20,11,53.6,46.4,11,12,1,5,0,2
4 May 2019,West Ham United,Southampton,London Stadium,2018/19,3,0,17,11,56.3,43.7,2,11,1,1,0,0
4 May 2019,Wolverhampton Wanderers,Fulham,Molineux Stadium,2018/19,1,0,19,6,39.2,60.8,10,15,1,3,0,0
4 May 2019,Cardiff City,Crystal Palace,Cardiff City Stadium,2018/19,2,3,18,21,39.3,60.7,14,11,0,0,0,0
4 May 2019,Newcastle United,Liverpool,St. James' Park,2018/19,2,3,14,11,30.9,69.1,10,4,1,1,0,0
3 May 2019,Everton,Burnley,Goodison Park,2018/19,2,0,20,5,60.1,39.9,8,9,0,2,0,0
28 Apr 2019,Leicester City,Arsenal,King Power Stadium,2018/19,3,0,24,6,67.2,32.8,13,13,3,1,0,1
28 Apr 2019,Burnley,Manchester City,Turf Moor,2018/19,0,1,2,25,30.1,69.9,5,7,1,1,0,0
28 Apr 2019,Manchester United,Chelsea,Old Trafford,2018/19,1,1,7,16,51.7,48.3,9,14,3,2,0,0
27 Apr 2019,Tottenham Hotspur,West Ham United,Tottenham Hotspur Stadium,2018/19,0,1,14,16,63.0,37.0,3,8,0,2,0,0
27 Apr 2019,Crystal Palace,Everton,Selhurst Park,2018/19,0,0,8,22,36.1,63.9,9,15,2,0,0,0
27 Apr 2019,Fulham,Cardiff City,Craven Cottage,2018/19,1,0,8,13,73.0,27.0,10,8,0,0,0,0
27 Apr 2019,Southampton,AFC Bournemouth,St. Mary's Stadium,2018/19,3,3,22,9,44.4,55.6,8,9,2,1,0,0
27 Apr 2019,Watford,Wolverhampton Wanderers,Vicarage Road,2018/19,1,2,10,11,56.5,43.5,10,11,3,2,0,0
27 Apr 2019,Brighton and Hove Albion,Newcastle United,Amex Stadium,2018/19,1,1,9,9,49.8,50.2,7,10,2,3,0,0
26 Apr 2019,Liverpool,Huddersfield Town,Anfield,2018/19,5,0,21,5,70.3,29.7,5,14,0,0,0,0
24 Apr 2019,Wolverhampton Wanderers,Arsenal,Molineux Stadium,2018/19,3,1,11,11,29.6,70.4,12,9,2,3,0,0
24 Apr 2019,Manchester United,Manchester City,Old Trafford,2018/19,0,2,12,8,36.8,63.2,10,10,2,2,0,0
23 Apr 2019,Tottenham Hotspur,Brighton and Hove Albion,Tottenham Hotspur Stadium,2018/19,1,0,29,6,78.5,21.5,7,13,1,2,0,0
23 Apr 2019,Watford,Southampton,Vicarage Road,2018/19,1,1,15,8,62.2,37.8,10,14,5,2,0,0
22 Apr 2019,Chelsea,Burnley,Stamford Bridge,2018/19,2,2,22,6,76.4,23.6,9,4,2,1,0,0
21 Apr 2019,Everton,Manchester United,Goodison Park,2018/19,4,0,15,7,48.3,51.7,11,7,1,1,0,0
21 Apr 2019,Arsenal,Crystal Palace,Emirates Stadium,2018/19,2,3,12,16,72.6,27.4,15,12,4,1,0,0
21 Apr 2019,Cardiff City,Liverpool,Cardiff City Stadium,2018/19,0,2,7,17,23.9,76.1,6,5,1,1,0,0
20 Apr 2019,AFC Bournemouth,Fulham,Vitality Stadium,2018/19,0,1,15,17,49.0,51.0,11,18,1,3,0,0
20 Apr 2019,Newcastle United,Southampton,St. James' Park,2018/19,3,1,15,15,43.4,56.6,5,11,0,2,0,0
20 Apr 2019,Manchester City,Tottenham Hotspur,Etihad Stadium,2018/19,1,0,15,10,60.7,39.3,11,11,1,2,0,0
20 Apr 2019,Huddersfield Town,Watford,John Smith's Stadium,2018/19,1,2,13,11,45.7,54.3,15,9,2,2,0,0
20 Apr 2019,West Ham United,Leicester City,London Stadium,2018/19,2,2,11,11,49.3,50.7,8,9,2,0,0,0
20 Apr 2019,Wolverhampton Wanderers,Brighton and Hove Albion,Molineux Stadium,2018/19,0,0,23,5,68.2,31.8,0,8,0,1,0,0
16 Apr 2019,Brighton and Hove Albion,Cardiff City,Amex Stadium,2018/19,0,2,14,10,63.9,36.1,11,13,0,1,0,0
15 Apr 2019,Watford,Arsenal,Vicarage Road,2018/19,0,1,11,19,34.1,65.9,12,8,2,0,1,0
14 Apr 2019,Crystal Palace,Manchester City,Selhurst Park,2018/19,1,3,7,20,27.6,72.4,5,11,0,0,0,0
14 Apr 2019,Liverpool,Chelsea,Anfield,2018/19,2,0,15,6,61.8,38.2,5,9,0,1,0,0
13 Apr 2019,Tottenham Hotspur,Huddersfield Town,Tottenham Hotspur Stadium,2018/19,4,0,22,7,70.0,30.0,10,12,2,2,0,0
13 Apr 2019,Brighton and Hove Albion,AFC Bournemouth,Amex Stadium,2018/19,0,5,8,14,50.1,49.9,10,6,2,4,1,0
13 Apr 2019,Burnley,Cardiff City,Turf Moor,2018/19,2,0,14,14,46.0,54.0,7,10,2,4,0,0
13 Apr 2019,Fulham,Everton,Craven Cottage,2018/19,2,0,12,9,40.6,59.4,8,10,2,1,0,0
13 Apr 2019,Southampton,Wolverhampton Wanderers,St. Mary's Stadium,2018/19,3,1,12,17,30.7,69.3,13,8,1,3,0,0
13 Apr 2019,Manchester United,West Ham United,Old Trafford,2018/19,2,1,14,18,42.3,57.7,14,5,1,1,0,0
12 Apr 2019,Leicester City,Newcastle United,King Power Stadium,2018/19,0,1,12,11,71.7,28.3,6,10,2,3,0,0
8 Apr 2019,Chelsea,West Ham United,Stamford Bridge,2018/19,2,0,16,9,54.0,46.0,8,7,2,1,0,0
7 Apr 2019,Everton,Arsenal,Goodison Park,2018/19,1,0,23,7,42.9,57.1,8,9,1,4,0,0
6 Apr 2019,AFC Bournemouth,Burnley,Vitality Stadium,2018/19,1,3,10,10,59.9,40.1,12,16,2,3,0,0
6 Apr 2019,Huddersfield Town,Leicester City,John Smith's Stadium,2018/19,1,4,10,18,44.8,55.2,13,11,3,0,0,0
6 Apr 2019,Newcastle United,Crystal Palace,St. James' Park,2018/19,0,1,18,3,53.8,46.2,12,13,1,2,0,0
5 Apr 2019,Southampton,Liverpool,St. Mary's Stadium,2018/19,1,3,11,17,33.0,67.0,8,7,2,4,0,0
3 Apr 2019,Chelsea,Brighton and Hove Albion,Stamford Bridge,2018/19,3,0,17,3,68.3,31.7,5,9,0,0,0,0
3 Apr 2019,Manchester City,Cardiff City,Etihad Stadium,2018/19,2,0,27,4,78.8,21.2,3,7,0,3,0,0
3 Apr 2019,Tottenham Hotspur,Crystal Palace,Tottenham Hotspur Stadium,2018/19,2,0,26,5,65.3,34.7,8,5,1,0,0,0
2 Apr 2019,Watford,Fulham,Vicarage Road,2018/19,4,1,15,17,46.6,53.4,12,5,3,2,0,0
2 Apr 2019,Wolverhampton Wanderers,Manchester United,Molineux Stadium,2018/19,2,1,9,18,49.8,50.2,5,11,1,2,0,1
1 Apr 2019,Arsenal,Newcastle United,Emirates Stadium,2018/19,2,0,7,3,70.6,29.4,11,10,2,0,0,0
31 Mar 2019,Cardiff City,Chelsea,Cardiff City Stadium,2018/19,1,2,8,21,28.9,71.1,8,14,2,3,0,0
31 Mar 2019,Liverpool,Tottenham Hotspur,Anfield,2018/19,2,1,14,11,48.7,51.3,5,8,0,1,0,0
30 Mar 2019,Fulham,Manchester City,Craven Cottage,2018/19,0,2,5,24,34.6,65.4,4,12,2,0,0,0
30 Mar 2019,Brighton and Hove Albion,Southampton,Amex Stadium,2018/19,0,1,14,8,60.2,39.8,8,10,1,2,0,0
30 Mar 2019,Burnley,Wolverhampton Wanderers,Turf Moor,2018/19,2,0,6,8,37.2,62.8,12,10,1,1,0,0
30 Mar 2019,Crystal Palace,Huddersfield Town,Selhurst Park,2018/19,2,0,19,15,48.5,51.5,10,7,0,0,0,0
30 Mar 2019,Leicester City,AFC Bournemouth,King Power Stadium,2018/19,2,0,18,8,58.8,41.2,6,12,0,2,0,0
30 Mar 2019,Manchester United,Watford,Old Trafford,2018/19,2,1,8,20,51.5,48.5,14,9,1,2,0,0
30 Mar 2019,West Ham United,Everton,London Stadium,2018/19,0,2,3,17,49.3,50.7,7,14,1,1,0,0
17 Mar 2019,Fulham,Liverpool,Craven Cottage,2018/19,1,2,7,16,37.2,62.8,11,7,2,1,0,0
17 Mar 2019,Everton,Chelsea,Goodison Park,2018/19,2,0,15,17,32.7,67.3,17,9,1,2,0,0
16 Mar 2019,AFC Bournemouth,Newcastle United,Vitality Stadium,2018/19,2,2,10,12,48.9,51.1,9,12,3,2,0,0
16 Mar 2019,Burnley,Leicester City,Turf Moor,2018/19,1,2,13,9,62.2,37.8,9,10,1,1,0,1
16 Mar 2019,West Ham United,Huddersfield Town,London Stadium,2018/19,4,3,16,15,64.1,35.9,7,15,0,2,0,0
10 Mar 2019,Liverpool,Burnley,Anfield,2018/19,4,2,23,3,68.6,31.4,4,7,2,0,0,0
10 Mar 2019,Chelsea,Wolverhampton Wanderers,Stamford Bridge,2018/19,1,1,22,2,75.6,24.4,8,14,1,4,0,0
10 Mar 2019,Arsenal,Manchester United,Emirates Stadium,2018/19,2,0,14,14,46.1,53.9,12,18,2,2,0,0
9 Mar 2019,Crystal Palace,Brighton and Hove Albion,Selhurst Park,2018/19,1,2,15,4,62.7,37.3,8,18,1,5,0,0
9 Mar 2019,Cardiff City,West Ham United,Cardiff City Stadium,2018/19,2,0,16,9,29.3,70.7,7,12,2,1,0,0
9 Mar 2019,Huddersfield Town,AFC Bournemouth,John Smith's Stadium,2018/19,0,2,8,8,56.5,43.5,14,9,3,1,0,0
9 Mar 2019,Leicester City,Fulham,King Power Stadium,2018/19,3,1,18,6,52.8,47.2,9,13,0,2,0,0
9 Mar 2019,Newcastle United,Everton,St. James' Park,2018/19,3,2,19,7,45.5,54.5,13,10,3,1,0,0
9 Mar 2019,Southampton,Tottenham Hotspur,St. Mary's Stadium,2018/19,2,1,12,16,36.8,63.2,16,9,4,2,0,0
9 Mar 2019,Manchester City,Watford,Etihad Stadium,2018/19,3,1,19,2,71.1,28.9,11,7,1,1,0,0
3 Mar 2019,Watford,Leicester City,Vicarage Road,2018/19,2,1,6,14,39.0,61.0,15,12,5,1,0,0
3 Mar 2019,Fulham,Chelsea,Craven Cottage,2018/19,1,2,12,20,36.0,64.0,11,10,2,1,0,0
3 Mar 2019,Everton,Liverpool,Goodison Park,2018/19,0,0,7,10,42.2,57.8,12,10,1,2,0,0
2 Mar 2019,Tottenham Hotspur,Arsenal,Wembley Stadium,2018/19,1,1,11,9,60.2,39.8,15,14,3,2,0,1
2 Mar 2019,AFC Bournemouth,Manchester City,Vitality Stadium,2018/19,0,1,0,23,18.0,82.0,7,7,1,2,0,0
2 Mar 2019,Brighton and Hove Albion,Huddersfield Town,Amex Stadium,2018/19,1,0,14,6,52.7,47.3,11,6,2,2,0,0
2 Mar 2019,Burnley,Crystal Palace,Turf Moor,2018/19,1,3,18,10,56.3,43.7,9,9,1,2,0,0
2 Mar 2019,Manchester United,Southampton,Old Trafford,2018/19,3,2,16,9,64.2,35.8,7,10,2,1,0,0
2 Mar 2019,Wolverhampton Wanderers,Cardiff City,Molineux Stadium,2018/19,2,0,13,12,56.3,43.7,11,6,1,2,0,0
2 Mar 2019,West Ham United,Newcastle United,London Stadium,2018/19,2,0,10,17,55.8,44.2,8,14,3,4,0,0
27 Feb 2019,Arsenal,AFC Bournemouth,Emirates Stadium,2018/19,5,1,16,13,64.8,35.2,11,9,2,2,0,0
27 Feb 2019,Southampton,Fulham,St. Mary's Stadium,2018/19,2,0,14,14,40.9,59.1,15,13,0,1,0,0
27 Feb 2019,Chelsea,Tottenham Hotspur,Stamford Bridge,2018/19,2,0,11,9,46.5,53.5,7,14,1,1,0,0
27 Feb 2019,Crystal Palace,Manchester United,Selhurst Park,2018/19,1,3,17,13,45.5,54.5,8,9,2,3,0,0
27 Feb 2019,Liverpool,Watford,Anfield,2018/19,5,0,19,5,61.6,38.4,5,7,0,2,0,0
27 Feb 2019,Manchester City,West Ham United,Etihad Stadium,2018/19,1,0,20,2,75.6,24.4,2,6,0,2,0,0
26 Feb 2019,Cardiff City,Everton,Cardiff City Stadium,2018/19,0,3,6,12,32.8,67.2,12,12,3,1,0,0
26 Feb 2019,Huddersfield Town,Wolverhampton Wanderers,John Smith's Stadium,2018/19,1,0,15,7,49.9,50.1,10,10,2,2,0,0
26 Feb 2019,Leicester City,Brighton and Hove Albion,King Power Stadium,2018/19,2,1,19,15,49.1,50.9,6,4,1,1,0,0
26 Feb 2019,Newcastle United,Burnley,St. James' Park,2018/19,2,0,13,12,54.3,45.7,8,8,1,3,0,0
24 Feb 2019,Arsenal,Southampton,Emirates Stadium,2018/19,2,0,12,10,62.1,37.9,7,14,0,0,0,0
24 Feb 2019,Manchester United,Liverpool,Old Trafford,2018/19,0,0,6,7,35.4,64.6,15,17,1,3,0,0
23 Feb 2019,Burnley,Tottenham Hotspur,Turf Moor,2018/19,2,1,10,17,30.5,69.5,9,12,1,3,0,0
23 Feb 2019,AFC Bournemouth,Wolverhampton Wanderers,Vitality Stadium,2018/19,1,1,10,10,44.6,55.4,10,15,4,5,0,0
23 Feb 2019,Newcastle United,Huddersfield Town,St. James' Park,2018/19,2,0,29,3,54.3,45.7,11,7,2,0,0,1
23 Feb 2019,Leicester City,Crystal Palace,King Power Stadium,2018/19,1,4,27,7,65.4,34.6,7,14,2,1,0,0
22 Feb 2019,Cardiff City,Watford,Cardiff City Stadium,2018/19,1,5,15,12,35.4,64.6,10,11,1,2,0,0
22 Feb 2019,West Ham United,Fulham,London Stadium,2018/19,3,1,21,8,55.1,44.9,11,11,1,1,0,0
11 Feb 2019,Wolverhampton Wanderers,Newcastle United,Molineux Stadium,2018/19,1,1,22,9,59.5,40.5,7,9,1,3,0,0
10 Feb 2019,Tottenham Hotspur,Leicester City,Wembley Stadium,2018/19,3,1,12,20,53.1,46.9,11,4,3,1,0,0
10 Feb 2019,Manchester City,Chelsea,Etihad Stadium,2018/19,6,0,15,12,55.8,44.2,9,13,1,2,0,0
9 Feb 2019,Fulham,Manchester United,Craven Cottage,2018/19,0,3,15,15,51.2,48.8,14,9,3,2,0,0
9 Feb 2019,Crystal Palace,West Ham United,Selhurst Park,2018/19,1,1,25,6,57.2,42.8,12,9,3,0,0,0
9 Feb 2019,Huddersfield Town,Arsenal,John Smith's Stadium,2018/19,1,2,16,9,54.6,45.4,17,12,3,2,0,0
9 Feb 2019,Liverpool,AFC Bournemouth,Anfield,2018/19,3,0,20,12,65.6,34.4,14,6,2,2,0,0
9 Feb 2019,Southampton,Cardiff City,St. Mary's Stadium,2018/19,1,2,14,6,66.7,33.3,15,12,3,3,0,0
9 Feb 2019,Watford,Everton,Vicarage Road,2018/19,1,0,7,9,44.0,56.0,21,10,2,0,0,1
9 Feb 2019,Brighton and Hove Albion,Burnley,Amex Stadium,2018/19,1,3,16,9,68.2,31.8,8,7,1,1,0,0
6 Feb 2019,Everton,Manchester City,Goodison Park,2018/19,0,2,4,15,38.8,61.2,12,6,1,1,0,0
4 Feb 2019,West Ham United,Liverpool,London Stadium,2018/19,1,1,13,11,26.7,73.3,9,11,1,1,0,0
3 Feb 2019,Leicester City,Manchester United,King Power Stadium,2018/19,0,1,17,10,44.8,55.2,14,9,4,4,0,0
3 Feb 2019,Manchester City,Arsenal,Etihad Stadium,2018/19,3,1,19,4,58.8,41.2,11,8,1,1,0,0
2 Feb 2019,Tottenham Hotspur,Newcastle United,Wembley Stadium,2018/19,1,0,21,8,71.6,28.4,6,6,0,1,0,0
2 Feb 2019,Brighton and Hove Albion,Watford,Amex Stadium,2018/19,0,0,21,5,55.1,44.9,15,10,1,0,0,0
2 Feb 2019,Burnley,Southampton,Turf Moor,2018/19,1,1,15,10,54.2,45.8,10,9,3,1,0,0
2 Feb 2019,Chelsea,Huddersfield Town,Stamford Bridge,2018/19,5,0,23,5,65.0,35.0,8,5,0,0,0,0
2 Feb 2019,Crystal Palace,Fulham,Selhurst Park,2018/19,2,0,17,8,37.3,62.7,9,12,2,3,0,0
2 Feb 2019,Everton,Wolverhampton Wanderers,Goodison Park,2018/19,1,3,13,8,64.0,36.0,12,14,3,1,0,0
2 Feb 2019,Cardiff City,AFC Bournemouth,Cardiff City Stadium,2018/19,2,0,12,9,26.9,73.1,17,14,1,2,0,0
30 Jan 2019,AFC Bournemouth,Chelsea,Vitality Stadium,2018/19,4,0,12,11,32.1,67.9,8,6,1,0,0,0
30 Jan 2019,Southampton,Crystal Palace,St. Mary's Stadium,2018/19,1,1,13,15,58.8,41.2,11,8,2,2,0,1
30 Jan 2019,Liverpool,Leicester City,Anfield,2018/19,1,1,10,5,72.1,27.9,13,6,1,3,0,0
30 Jan 2019,Tottenham Hotspur,Watford,Wembley Stadium,2018/19,2,1,17,9,68.5,31.5,6,9,0,4,0,0
29 Jan 2019,Arsenal,Cardiff City,Emirates Stadium,2018/19,2,1,15,19,70.9,29.1,14,12,3,3,0,0
29 Jan 2019,Fulham,Brighton and Hove Albion,Craven Cottage,2018/19,4,2,24,15,61.9,38.1,10,5,2,3,0,0
29 Jan 2019,Huddersfield Town,Everton,John Smith's Stadium,2018/19,0,1,10,10,58.4,41.6,13,10,1,4,0,1
29 Jan 2019,Wolverhampton Wanderers,West Ham United,Molineux Stadium,2018/19,3,0,20,4,54.7,45.3,8,10,4,1,0,0
29 Jan 2019,Manchester United,Burnley,Old Trafford,2018/19,2,2,28,6,74.4,25.6,10,9,1,3,0,0
29 Jan 2019,Newcastle United,Manchester City,St. James' Park,2018/19,2,1,7,12,23.8,76.2,9,7,2,3,0,0
20 Jan 2019,Huddersfield Town,Manchester City,John Smith's Stadium,2018/19,0,3,5,12,32.4,67.6,10,9,2,2,0,0
20 Jan 2019,Fulham,Tottenham Hotspur,Craven Cottage,2018/19,1,2,12,14,26.8,73.2,10,8,2,3,0,0
19 Jan 2019,Wolverhampton Wanderers,Leicester City,Molineux Stadium,2018/19,4,3,12,16,45.6,54.4,11,10,3,3,0,0
19 Jan 2019,AFC Bournemouth,West Ham United,Vitality Stadium,2018/19,2,0,10,9,38.5,61.5,6,10,0,1,0,0
19 Jan 2019,Liverpool,Crystal Palace,Anfield,2018/19,4,3,19,9,70.6,29.4,6,8,0,1,1,0
19 Jan 2019,Manchester United,Brighton and Hove Albion,Old Trafford,2018/19,2,1,20,7,56.0,44.0,11,11,1,0,0,0
19 Jan 2019,Newcastle United,Cardiff City,St. James' Park,2018/19,3,0,16,9,53.5,46.5,11,6,0,1,0,0
19 Jan 2019,Southampton,Everton,St. Mary's Stadium,2018/19,2,1,11,7,39.4,60.6,12,11,2,1,0,0
19 Jan 2019,Watford,Burnley,Vicarage Road,2018/19,0,0,9,12,54.8,45.2,14,9,1,2,0,0
19 Jan 2019,Arsenal,Chelsea,Emirates Stadium,2018/19,2,0,13,13,35.7,64.3,13,15,0,2,0,0
14 Jan 2019,Manchester City,Wolverhampton Wanderers,Etihad Stadium,2018/19,3,0,24,3,76.1,23.9,6,3,1,0,0,1
13 Jan 2019,Everton,AFC Bournemouth,Goodison Park,2018/19,2,0,15,16,50.9,49.1,17,8,5,0,0,0
13 Jan 2019,Tottenham Hotspur,Manchester United,Wembley Stadium,2018/19,0,1,21,13,61.2,38.8,8,8,1,2,0,0
12 Jan 2019,West Ham United,Arsenal,London Stadium,2018/19,1,0,11,11,41.4,58.6,7,10,0,2,0,0
12 Jan 2019,Brighton and Hove Albion,Liverpool,Amex Stadium,2018/19,0,1,7,10,29.1,70.9,15,5,0,0,0,0
12 Jan 2019,Burnley,Fulham,Turf Moor,2018/19,2,1,11,12,41.8,58.2,5,9,1,2,0,0
12 Jan 2019,Cardiff City,Huddersfield Town,Cardiff City Stadium,2018/19,0,0,3,14,38.9,61.1,12,14,3,1,0,0
12 Jan 2019,Crystal Palace,Watford,Selhurst Park,2018/19,1,2,15,16,55.3,44.7,11,11,1,4,0,0
12 Jan 2019,Leicester City,Southampton,King Power Stadium,2018/19,1,2,23,8,71.7,28.3,7,9,2,1,0,1
12 Jan 2019,Chelsea,Newcastle United,Stamford Bridge,2018/19,2,1,10,9,65.9,34.1,6,13,1,1,0,0
3 Jan 2019,Manchester City,Liverpool,Etihad Stadium,2018/19,2,1,9,7,49.6,50.4,12,7,4,2,0,0
2 Jan 2019,AFC Bournemouth,Watford,Vitality Stadium,2018/19,3,3,25,11,57.0,43.0,9,15,1,4,0,0
2 Jan 2019,Chelsea,Southampton,Stamford Bridge,2018/19,0,0,17,6,71.6,28.4,8,11,1,2,0,0
2 Jan 2019,Huddersfield Town,Burnley,John Smith's Stadium,2018/19,1,2,9,16,42.9,57.1,11,9,0,4,1,1
2 Jan 2019,West Ham United,Brighton and Hove Albion,London Stadium,2018/19,2,2,13,13,54.3,45.7,9,11,0,1,0,0
2 Jan 2019,Wolverhampton Wanderers,Crystal Palace,Molineux Stadium,2018/19,0,2,9,17,51.9,48.1,9,7,4,1,0,0
2 Jan 2019,Newcastle United,Manchester United,St. James' Park,2018/19,0,2,14,16,34.9,65.1,10,9,1,2,0,0
1 Jan 2019,Everton,Leicester City,Goodison Park,2018/19,0,1,17,8,59.6,40.4,5,8,3,1,0,0
1 Jan 2019,Arsenal,Fulham,Emirates Stadium,2018/19,4,1,16,9,59.6,40.4,7,12,0,1,0,0
1 Jan 2019,Cardiff City,Tottenham Hotspur,Cardiff City Stadium,2018/19,0,3,5,13,26.9,73.1,6,6,1,0,0,0
30 Dec 2018,Crystal Palace,Chelsea,Selhurst Park,2018/19,0,1,4,12,34.2,65.8,11,8,0,1,0,0
30 Dec 2018,Burnley,West Ham United,Turf Moor,2018/19,2,0,17,11,43.0,57.0,15,11,1,4,0,0
30 Dec 2018,Southampton,Manchester City,St. Mary's Stadium,2018/19,1,3,5,14,23.4,76.6,11,10,2,3,1,0
30 Dec 2018,Manchester United,AFC Bournemouth,Old Trafford,2018/19,4,1,11,7,64.9,35.1,10,7,2,0,1,0
29 Dec 2018,Brighton and Hove Albion,Everton,Amex Stadium,2018/19,1,0,11,13,44.8,55.2,10,11,0,2,0,0
29 Dec 2018,Fulham,Huddersfield Town,Craven Cottage,2018/19,1,0,14,9,43.5,56.5,12,10,3,1,0,0
29 Dec 2018,Leicester City,Cardiff City,King Power Stadium,2018/19,0,1,16,12,62.2,37.8,14,16,0,2,0,0
29 Dec 2018,Tottenham Hotspur,Wolverhampton Wanderers,Wembley Stadium,2018/19,1,3,10,11,60.8,39.2,7,7,3,2,0,0
29 Dec 2018,Watford,Newcastle United,Vicarage Road,2018/19,1,1,12,8,62.7,37.3,17,16,1,2,0,0
29 Dec 2018,Liverpool,Arsenal,Anfield,2018/19,5,1,15,8,47.9,52.1,8,13,1,2,0,0
27 Dec 2018,Southampton,West Ham United,St. Mary's Stadium,2018/19,1,2,11,16,45.8,54.2,10,3,2,0,0,0
26 Dec 2018,Fulham,Wolverhampton Wanderers,Craven Cottage,2018/19,1,1,11,14,29.8,70.2,9,6,2,1,0,0
26 Dec 2018,Burnley,Everton,Turf Moor,2018/19,1,5,11,13,49.0,51.0,11,19,2,4,0,0
26 Dec 2018,Crystal Palace,Cardiff City,Selhurst Park,2018/19,0,0,31,9,62.4,37.6,9,11,0,3,0,0
26 Dec 2018,Leicester City,Manchester City,King Power Stadium,2018/19,2,1,10,11,33.9,66.1,5,8,2,2,0,1
26 Dec 2018,Liverpool,Newcastle United,Anfield,2018/19,4,0,16,6,75.0,25.0,7,10,0,0,0,0
26 Dec 2018,Manchester United,Huddersfield Town,Old Trafford,2018/19,3,1,16,10,64.7,35.3,9,13,1,1,0,0
26 Dec 2018,Tottenham Hotspur,AFC Bournemouth,Wembley Stadium,2018/19,5,0,10,14,56.7,43.3,5,8,2,1,0,0
26 Dec 2018,Brighton and Hove Albion,Arsenal,Amex Stadium,2018/19,1,1,12,7,32.0,68.0,10,4,2,1,0,0
26 Dec 2018,Watford,Chelsea,Vicarage Road,2018/19,1,2,11,10,35.0,65.0,15,5,1,0,0,0
23 Dec 2018,Everton,Tottenham Hotspur,Goodison Park,2018/19,2,6,10,17,41.5,58.5,13,9,0,2,0,0
22 Dec 2018,Arsenal,Burnley,Emirates Stadium,2018/19,3,1,11,7,60.1,39.9,10,14,2,5,0,0
22 Dec 2018,AFC Bournemouth,Brighton and Hove Albion,Vitality Stadium,2018/19,2,0,14,10,57.2,42.8,8,18,2,0,0,1
22 Dec 2018,Chelsea,Leicester City,Stamford Bridge,2018/19,0,1,17,8,72.1,27.9,10,9,0,2,0,0
22 Dec 2018,Huddersfield Town,Southampton,John Smith's Stadium,2018/19,1,3,16,13,62.3,37.7,12,9,2,3,0,0
22 Dec 2018,Manchester City,Crystal Palace,Etihad Stadium,2018/19,2,3,19,5,78.3,21.7,7,6,0,4,0,0
22 Dec 2018,Newcastle United,Fulham,St. James' Park,2018/19,0,0,9,4,53.5,46.5,9,12,1,2,0,0
22 Dec 2018,West Ham United,Watford,London Stadium,2018/19,0,2,18,11,51.6,48.4,9,11,3,2,0,0
22 Dec 2018,Cardiff City,Manchester United,Cardiff City Stadium,2018/19,1,5,9,17,25.7,74.3,13,13,2,1,0,0
21 Dec 2018,Wolverhampton Wanderers,Liverpool,Molineux Stadium,2018/19,0,2,11,15,38.3,61.7,7,3,0,0,0,0
16 Dec 2018,Brighton and Hove Albion,Chelsea,Amex Stadium,2018/19,1,2,6,10,41.7,58.3,14,6,2,2,0,0
16 Dec 2018,Southampton,Arsenal,St. Mary's Stadium,2018/19,3,2,12,13,33.8,66.2,12,10,3,1,0,0
16 Dec 2018,Liverpool,Manchester United,Anfield,2018/19,3,1,36,6,64.5,35.5,6,14,0,2,0,0
15 Dec 2018,Manchester City,Everton,Etihad Stadium,2018/19,3,1,13,9,67.0,33.0,7,9,1,2,0,0
15 Dec 2018,Crystal Palace,Leicester City,Selhurst Park,2018/19,1,0,8,12,43.3,56.7,10,8,2,1,0,0
15 Dec 2018,Huddersfield Town,Newcastle United,John Smith's Stadium,2018/19,0,1,15,8,73.5,26.5,5,13,1,1,0,0
15 Dec 2018,Tottenham Hotspur,Burnley,Wembley Stadium,2018/19,1,0,15,4,70.3,29.7,7,8,0,2,0,0
15 Dec 2018,Watford,Cardiff City,Vicarage Road,2018/19,3,2,17,10,71.5,28.5,7,5,0,0,0,0
15 Dec 2018,Wolverhampton Wanderers,AFC Bournemouth,Molineux Stadium,2018/19,2,0,10,13,37.8,62.2,15,7,1,2,0,0
15 Dec 2018,Fulham,West Ham United,Craven Cottage,2018/19,0,2,16,6,56.0,44.0,14,10,2,1,0,0
10 Dec 2018,Everton,Watford,Goodison Park,2018/19,2,2,12,15,56.6,43.4,13,13,1,1,0,0
9 Dec 2018,Newcastle United,Wolverhampton Wanderers,St. James' Park,2018/19,1,2,12,13,50.4,49.6,10,17,2,5,1,0
8 Dec 2018,AFC Bournemouth,Liverpool,Vitality Stadium,2018/19,0,4,8,10,40.5,59.5,9,11,2,1,0,0
8 Dec 2018,Arsenal,Huddersfield Town,Emirates Stadium,2018/19,1,0,14,6,61.9,38.1,13,20,5,4,0,0
8 Dec 2018,Burnley,Brighton and Hove Albion,Turf Moor,2018/19,1,0,14,14,37.4,62.6,11,11,2,0,0,0
8 Dec 2018,Cardiff City,Southampton,Cardiff City Stadium,2018/19,1,0,13,12,36.2,63.8,9,10,2,2,0,0
8 Dec 2018,Manchester United,Fulham,Old Trafford,2018/19,4,1,20,10,62.7,37.3,11,15,1,1,0,1
8 Dec 2018,West Ham United,Crystal Palace,London Stadium,2018/19,3,2,13,8,48.3,51.7,10,8,1,2,0,0
8 Dec 2018,Chelsea,Manchester City,Stamford Bridge,2018/19,2,0,8,14,38.7,61.3,12,11,2,0,0,0
8 Dec 2018,Leicester City,Tottenham Hotspur,King Power Stadium,2018/19,0,2,11,7,42.2,57.8,12,7,3,1,0,0
5 Dec 2018,Burnley,Liverpool,Turf Moor,2018/19,1,3,10,18,25.8,74.2,10,3,1,0,0,0
5 Dec 2018,Everton,Newcastle United,Goodison Park,2018/19,1,1,19,8,76.3,23.7,7,18,0,5,0,0
5 Dec 2018,Fulham,Leicester City,Craven Cottage,2018/19,1,1,25,13,45.5,54.5,12,7,0,0,0,0
5 Dec 2018,Wolverhampton Wanderers,Chelsea,Molineux Stadium,2018/19,2,1,6,17,29.9,70.1,18,10,4,4,0,0
5 Dec 2018,Manchester United,Arsenal,Old Trafford,2018/19,2,2,10,9,44.8,55.2,13,10,3,3,0,0
5 Dec 2018,Tottenham Hotspur,Southampton,Wembley Stadium,2018/19,3,1,13,18,52.1,47.9,7,5,0,0,0,0
4 Dec 2018,AFC Bournemouth,Huddersfield Town,Vitality Stadium,2018/19,2,1,6,23,32.8,67.2,14,11,4,2,0,0
4 Dec 2018,Brighton and Hove Albion,Crystal Palace,Amex Stadium,2018/19,3,1,9,18,31.5,68.5,14,12,2,3,1,0
4 Dec 2018,West Ham United,Cardiff City,London Stadium,2018/19,3,1,17,9,61.0,39.0,10,10,1,2,0,0
4 Dec 2018,Watford,Manchester City,Vicarage Road,2018/19,1,2,11,15,29.9,70.1,4,8,0,1,0,0
2 Dec 2018,Chelsea,Fulham,Stamford Bridge,2018/19,2,0,16,9,66.0,34.0,8,17,2,1,0,0
2 Dec 2018,Arsenal,Tottenham Hotspur,Emirates Stadium,2018/19,4,2,22,11,59.3,40.7,15,17,3,3,0,1
2 Dec 2018,Liverpool,Everton,Anfield,2018/19,1,0,16,9,57.6,42.4,12,7,3,2,0,0
1 Dec 2018,Crystal Palace,Burnley,Selhurst Park,2018/19,2,0,29,4,58.6,41.4,9,10,1,1,0,0
1 Dec 2018,Huddersfield Town,Brighton and Hove Albion,John Smith's Stadium,2018/19,1,2,7,14,32.1,67.9,10,12,0,2,1,0
1 Dec 2018,Leicester City,Watford,King Power Stadium,2018/19,2,0,7,8,37.7,62.3,7,6,2,1,0,1
1 Dec 2018,Manchester City,AFC Bournemouth,Etihad Stadium,2018/19,3,1,16,4,73.1,26.9,9,3,0,0,0,0
1 Dec 2018,Newcastle United,West Ham United,St. James' Park,2018/19,0,3,16,7,58.7,41.3,10,10,3,3,0,0
1 Dec 2018,Southampton,Manchester United,St. Mary's Stadium,2018/19,2,2,16,11,40.3,59.7,12,13,4,4,0,0
30 Nov 2018,Cardiff City,Wolverhampton Wanderers,Cardiff City Stadium,2018/19,2,1,17,15,47.9,52.1,3,12,1,2,0,0
26 Nov 2018,Burnley,Newcastle United,Turf Moor,2018/19,1,2,14,17,56.5,43.5,6,11,0,1,0,0
25 Nov 2018,AFC Bournemouth,Arsenal,Vitality Stadium,2018/19,1,2,11,20,41.3,58.7,6,9,2,1,0,0
25 Nov 2018,Wolverhampton Wanderers,Huddersfield Town,Molineux Stadium,2018/19,0,2,12,14,44.8,55.2,9,8,1,2,0,0
24 Nov 2018,Brighton and Hove Albion,Leicester City,Amex Stadium,2018/19,1,1,14,8,54.6,45.4,10,7,3,1,0,1
24 Nov 2018,Everton,Cardiff City,Goodison Park,2018/19,1,0,16,7,70.7,29.3,12,13,0,3,0,0
24 Nov 2018,Fulham,Southampton,Craven Cottage,2018/19,3,2,10,19,37.2,62.8,10,6,2,3,0,0
24 Nov 2018,Manchester United,Crystal Palace,Old Trafford,2018/19,0,0,12,13,59.8,40.2,13,12,1,2,0,0
24 Nov 2018,Watford,Liverpool,Vicarage Road,2018/19,0,3,5,10,36.3,63.7,12,13,0,1,0,1
24 Nov 2018,West Ham United,Manchester City,London Stadium,2018/19,0,4,9,9,30.7,69.3,6,3,0,0,0,0
24 Nov 2018,Tottenham Hotspur,Chelsea,Wembley Stadium,2018/19,3,1,18,13,39.9,60.1,19,12,0,3,0,0
11 Nov 2018,Liverpool,Fulham,Anfield,2018/19,2,0,21,8,73.0,27.0,11,9,1,1,0,0
11 Nov 2018,Chelsea,Everton,Stamford Bridge,2018/19,0,0,15,6,68.7,31.3,7,11,4,3,0,0
11 Nov 2018,Arsenal,Wolverhampton Wanderers,Emirates Stadium,2018/19,1,1,10,13,71.7,28.3,9,16,2,2,0,0
11 Nov 2018,Manchester City,Manchester United,Etihad Stadium,2018/19,3,1,17,6,64.9,35.1,12,12,1,1,0,0
10 Nov 2018,Cardiff City,Brighton and Hove Albion,Cardiff City Stadium,2018/19,2,1,20,7,60.6,39.4,7,21,2,1,0,1
10 Nov 2018,Huddersfield Town,West Ham United,John Smith's Stadium,2018/19,1,1,15,12,43.9,56.1,9,8,1,1,0,0
10 Nov 2018,Leicester City,Burnley,King Power Stadium,2018/19,0,0,22,6,63.0,37.0,13,10,2,0,0,0
10 Nov 2018,Newcastle United,AFC Bournemouth,St. James' Park,2018/19,2,1,18,14,39.3,60.7,9,11,2,1,0,0
10 Nov 2018,Southampton,Watford,St. Mary's Stadium,2018/19,1,1,14,12,42.3,57.7,13,13,3,2,0,0
10 Nov 2018,Crystal Palace,Tottenham Hotspur,Selhurst Park,2018/19,0,1,11,11,35.4,64.6,12,9,1,1,0,0
5 Nov 2018,Huddersfield Town,Fulham,John Smith's Stadium,2018/19,1,0,10,8,45.1,54.9,11,8,1,2,0,0
4 Nov 2018,Manchester City,Southampton,Etihad Stadium,2018/19,6,1,18,13,67.3,32.7,14,9,1,1,0,0
4 Nov 2018,Chelsea,Crystal Palace,Stamford Bridge,2018/19,3,1,15,7,73.7,26.3,6,13,0,1,0,0
3 Nov 2018,AFC Bournemouth,Manchester United,Vitality Stadium,2018/19,1,2,18,18,48.7,51.3,12,12,4,3,0,0
3 Nov 2018,Cardiff City,Leicester City,Cardiff City Stadium,2018/19,0,1,11,13,40.1,59.9,13,12,2,2,0,0
3 Nov 2018,Everton,Brighton and Hove Albion,Goodison Park,2018/19,3,1,14,5,61.5,38.5,9,17,0,1,0,0
3 Nov 2018,Newcastle United,Watford,St. James' Park,2018/19,1,0,10,16,41.9,58.1,12,11,1,5,0,0
3 Nov 2018,West Ham United,Burnley,London Stadium,2018/19,4,2,22,6,62.8,37.2,7,9,1,4,0,0
3 Nov 2018,Arsenal,Liverpool,Emirates Stadium,2018/19,1,1,12,13,61.8,38.2,7,7,1,1,0,0
3 Nov 2018,Wolverhampton Wanderers,Tottenham Hotspur,Molineux Stadium,2018/19,2,3,16,10,48.6,51.4,11,8,1,2,0,0
29 Oct 2018,Tottenham Hotspur,Manchester City,Wembley Stadium,2018/19,0,1,4,13,48.0,52.0,13,13,2,2,0,0
28 Oct 2018,Burnley,Chelsea,Turf Moor,2018/19,0,4,7,24,30.2,69.8,14,10,4,2,0,0
28 Oct 2018,Crystal Palace,Arsenal,Selhurst Park,2018/19,2,2,16,7,42.2,57.8,10,16,1,2,0,0
28 Oct 2018,Manchester United,Everton,Old Trafford,2018/19,2,1,14,14,53.7,46.3,15,12,2,1,0,0
27 Oct 2018,Brighton and Hove Albion,Wolverhampton Wanderers,Amex Stadium,2018/19,1,0,7,25,39.9,60.1,11,8,3,0,0,0
27 Oct 2018,Fulham,AFC Bournemouth,Craven Cottage,2018/19,0,3,11,12,52.0,48.0,16,3,2,1,1,0
27 Oct 2018,Liverpool,Cardiff City,Anfield,2018/19,4,1,19,2,79.6,20.4,6,4,0,0,0,0
27 Oct 2018,Southampton,Newcastle United,St. Mary's Stadium,2018/19,0,0,22,6,50.2,49.8,9,12,0,1,0,0
27 Oct 2018,Watford,Huddersfield Town,Vicarage Road,2018/19,3,0,12,13,48.1,51.9,9,13,1,2,0,0
27 Oct 2018,Leicester City,West Ham United,King Power Stadium,2018/19,1,1,21,11,64.2,35.8,17,5,1,1,0,1
22 Oct 2018,Arsenal,Leicester City,Emirates Stadium,2018/19,3,1,19,8,69.1,30.9,10,10,2,2,0,0
21 Oct 2018,Everton,Crystal Palace,Goodison Park,2018/19,2,0,20,7,59.8,40.2,13,17,2,1,0,0
20 Oct 2018,Chelsea,Manchester United,Stamford Bridge,2018/19,2,2,21,7,62.3,37.7,9,17,2,5,0,0
20 Oct 2018,AFC Bournemouth,Southampton,Vitality Stadium,2018/19,0,0,9,8,57.3,42.7,11,14,1,2,0,0
20 Oct 2018,Cardiff City,Fulham,Cardiff City Stadium,2018/19,4,2,22,9,40.5,59.5,15,16,3,3,0,0
20 Oct 2018,Manchester City,Burnley,Etihad Stadium,2018/19,5,0,24,5,69.1,30.9,11,5,2,2,0,0
20 Oct 2018,Newcastle United,Brighton and Hove Albion,St. James' Park,2018/19,0,1,27,8,68.0,32.0,13,17,0,2,0,0
20 Oct 2018,West Ham United,Tottenham Hotspur,London Stadium,2018/19,0,1,13,10,44.0,56.0,8,10,3,0,0,0
20 Oct 2018,Wolverhampton Wanderers,Watford,Molineux Stadium,2018/19,0,2,10,9,44.8,55.2,23,13,3,1,0,0
20 Oct 2018,Huddersfield Town,Liverpool,John Smith's Stadium,2018/19,0,1,13,11,47.8,52.2,9,6,0,2,0,0
7 Oct 2018,Fulham,Arsenal,Craven Cottage,2018/19,1,5,21,9,48.9,51.1,11,12,2,0,0,0
7 Oct 2018,Southampton,Chelsea,St. Mary's Stadium,2018/19,0,3,15,21,34.7,65.3,13,11,6,0,0,0
7 Oct 2018,Liverpool,Manchester City,Anfield,2018/19,0,0,7,6,49.4,50.6,10,10,1,3,0,0
6 Oct 2018,Burnley,Huddersfield Town,Turf Moor,2018/19,1,1,6,18,31.8,68.2,9,11,2,2,0,0
6 Oct 2018,Crystal Palace,Wolverhampton Wanderers,Selhurst Park,2018/19,0,1,11,7,67.1,32.9,11,13,3,4,0,0
6 Oct 2018,Leicester City,Everton,King Power Stadium,2018/19,1,2,8,17,51.3,48.7,10,11,2,1,1,0
6 Oct 2018,Tottenham Hotspur,Cardiff City,Wembley Stadium,2018/19,1,0,19,8,75.5,24.5,7,11,3,1,0,1
6 Oct 2018,Watford,AFC Bournemouth,Vicarage Road,2018/19,0,4,14,10,47.2,52.8,11,9,3,1,1,0
6 Oct 2018,Manchester United,Newcastle United,Old Trafford,2018/19,3,2,18,13,73.0,27.0,16,8,2,2,0,0
5 Oct 2018,Brighton and Hove Albion,West Ham United,Amex Stadium,2018/19,1,0,9,17,35.4,64.6,12,8,3,2,0,0
1 Oct 2018,AFC Bournemouth,Crystal Palace,Vitality Stadium,2018/19,2,1,11,10,44.4,55.6,9,12,3,4,0,0
30 Sep 2018,Cardiff City,Burnley,Cardiff City Stadium,2018/19,1,2,20,3,54.3,45.7,11,15,1,3,0,0
29 Sep 2018,West Ham United,Manchester United,London Stadium,2018/19,3,1,8,9,49.0,51.0,12,12,0,1,0,0
29 Sep 2018,Arsenal,Watford,Emirates Stadium,2018/19,2,0,9,14,63.5,36.5,11,17,2,2,0,0
29 Sep 2018,Everton,Fulham,Goodison Park,2018/19,3,0,19,6,51.2,48.8,13,13,0,3,0,0
29 Sep 2018,Huddersfield Town,Tottenham Hotspur,John Smith's Stadium,2018/19,0,2,9,10,52.7,47.3,17,16,2,2,0,0
29 Sep 2018,Manchester City,Brighton and Hove Albion,Etihad Stadium,2018/19,2,0,28,4,80.1,19.9,4,10,0,3,0,0
29 Sep 2018,Newcastle United,Leicester City,St. James' Park,2018/19,0,2,6,12,41.5,58.5,11,5,0,0,0,0
29 Sep 2018,Wolverhampton Wanderers,Southampton,Molineux Stadium,2018/19,2,0,14,17,48.8,51.2,11,7,3,1,0,0
29 Sep 2018,Chelsea,Liverpool,Stamford Bridge,2018/19,1,1,10,13,47.2,52.8,7,9,0,2,0,0
23 Sep 2018,West Ham United,Chelsea,London Stadium,2018/19,0,0,6,17,28.2,71.8,11,9,2,1,0,0
23 Sep 2018,Arsenal,Everton,Emirates Stadium,2018/19,2,0,9,10,62.5,37.5,17,12,2,1,0,0
22 Sep 2018,Fulham,Watford,Craven Cottage,2018/19,1,1,15,11,60.7,39.3,11,9,2,1,0,0
22 Sep 2018,Burnley,AFC Bournemouth,Turf Moor,2018/19,4,0,12,19,37.6,62.4,17,6,2,0,0,0
22 Sep 2018,Cardiff City,Manchester City,Cardiff City Stadium,2018/19,0,5,2,21,21.4,78.6,6,4,1,1,0,0
22 Sep 2018,Crystal Palace,Newcastle United,Selhurst Park,2018/19,0,0,16,6,61.9,38.1,8,11,1,1,0,0
22 Sep 2018,Leicester City,Huddersfield Town,King Power Stadium,2018/19,3,1,18,9,62.0,38.0,10,16,2,1,0,0
22 Sep 2018,Liverpool,Southampton,Anfield,2018/19,3,0,12,7,60.6,39.4,7,10,0,2,0,0
22 Sep 2018,Manchester United,Wolverhampton Wanderers,Old Trafford,2018/19,1,1,15,11,64.5,35.5,5,17,1,1,0,0
22 Sep 2018,Brighton and Hove Albion,Tottenham Hotspur,Amex Stadium,2018/19,1,2,8,16,28.6,71.4,15,9,2,1,0,0
17 Sep 2018,Southampton,Brighton and Hove Albion,St. Mary's Stadium,2018/19,2,2,14,12,51.2,48.8,10,13,2,3,0,0
16 Sep 2018,Wolverhampton Wanderers,Burnley,Molineux Stadium,2018/19,1,0,30,7,58.9,41.1,10,9,2,4,0,0
16 Sep 2018,Everton,West Ham United,Goodison Park,2018/19,1,3,16,9,55.9,44.1,15,12,2,5,0,0
15 Sep 2018,Tottenham Hotspur,Liverpool,Wembley Stadium,2018/19,1,2,11,17,60.4,39.6,17,16,0,0,0,0
15 Sep 2018,AFC Bournemouth,Leicester City,Vitality Stadium,2018/19,4,2,10,14,46.7,53.3,13,15,3,2,0,1
15 Sep 2018,Chelsea,Cardiff City,Stamford Bridge,2018/19,4,1,18,6,76.8,23.2,8,10,0,0,0,0
15 Sep 2018,Huddersfield Town,Crystal Palace,John Smith's Stadium,2018/19,0,1,15,7,58.4,41.6,11,17,1,2,0,0
15 Sep 2018,Manchester City,Fulham,Etihad Stadium,2018/19,3,0,28,9,64.7,35.3,7,7,0,0,0,0
15 Sep 2018,Newcastle United,Arsenal,St. James' Park,2018/19,1,2,4,12,36.3,63.7,13,11,0,0,0,0
15 Sep 2018,Watford,Manchester United,Vicarage Road,2018/19,1,2,14,9,42.9,57.1,9,11,2,1,0,1
2 Sep 2018,Cardiff City,Arsenal,Cardiff City Stadium,2018/19,2,3,14,17,27.7,72.3,12,14,3,4,0,0
2 Sep 2018,Burnley,Manchester United,Turf Moor,2018/19,0,2,9,21,46.6,53.4,7,13,2,3,0,1
2 Sep 2018,Watford,Tottenham Hotspur,Vicarage Road,2018/19,2,1,7,11,34.4,65.6,9,8,2,1,0,0
1 Sep 2018,Leicester City,Liverpool,King Power Stadium,2018/19,1,2,12,10,51.2,48.8,9,12,3,2,0,0
1 Sep 2018,Brighton and Hove Albion,Fulham,Amex Stadium,2018/19,2,2,15,10,41.5,58.5,12,14,3,3,0,0
1 Sep 2018,Chelsea,AFC Bournemouth,Stamford Bridge,2018/19,2,0,24,8,72.6,27.4,10,7,2,2,0,0
1 Sep 2018,Crystal Palace,Southampton,Selhurst Park,2018/19,0,2,20,19,50.7,49.3,11,12,1,1,0,0
1 Sep 2018,Everton,Huddersfield Town,Goodison Park,2018/19,1,1,11,9,57.6,42.4,13,14,3,3,0,0
1 Sep 2018,West Ham United,Wolverhampton Wanderers,London Stadium,2018/19,0,1,13,15,47.7,52.3,10,11,2,1,0,0
1 Sep 2018,Manchester City,Newcastle United,Etihad Stadium,2018/19,2,1,24,3,78.1,21.9,5,13,0,0,0,0
27 Aug 2018,Manchester United,Tottenham Hotspur,Old Trafford,2018/19,0,3,23,9,57.0,43.0,11,16,2,3,0,0
26 Aug 2018,Watford,Crystal Palace,Vicarage Road,2018/19,2,1,13,9,43.7,56.3,14,11,4,2,0,0
26 Aug 2018,Fulham,Burnley,Craven Cottage,2018/19,4,2,25,12,63.8,36.2,11,8,2,1,0,0
26 Aug 2018,Newcastle United,Chelsea,St. James' Park,2018/19,1,2,6,15,18.9,81.1,16,8,3,1,0,0
25 Aug 2018,Wolverhampton Wanderers,Manchester City,Molineux Stadium,2018/19,1,1,11,18,28.9,71.1,13,8,1,2,0,0
25 Aug 2018,AFC Bournemouth,Everton,Vitality Stadium,2018/19,2,2,17,11,49.9,50.1,12,10,0,3,1,1
25 Aug 2018,Arsenal,West Ham United,Emirates Stadium,2018/19,3,1,17,13,61.5,38.5,16,13,1,3,0,0
25 Aug 2018,Huddersfield Town,Cardiff City,John Smith's Stadium,2018/19,0,0,5,14,58.0,42.0,8,10,0,1,1,0
25 Aug 2018,Southampton,Leicester City,St. Mary's Stadium,2018/19,1,2,11,8,51.7,48.3,13,11,1,1,1,0
25 Aug 2018,Liverpool,Brighton and Hove Albion,Anfield,2018/19,1,0,22,6,70.0,30.0,8,14,1,1,0,0
20 Aug 2018,Crystal Palace,Liverpool,Selhurst Park,2018/19,0,2,8,16,36.8,63.2,6,13,1,1,1,0
19 Aug 2018,Burnley,Watford,Turf Moor,2018/19,1,3,8,9,58.4,41.6,8,19,1,2,0,0
19 Aug 2018,Manchester City,Huddersfield Town,Etihad Stadium,2018/19,6,1,32,5,76.9,23.1,9,4,0,2,0,0
19 Aug 2018,Brighton and Hove Albion,Manchester United,Amex Stadium,2018/19,3,2,6,9,33.4,66.6,16,13,1,1,0,0
18 Aug 2018,Cardiff City,Newcastle United,Cardiff City Stadium,2018/19,0,0,12,12,51.3,48.7,14,16,2,2,0,1
18 Aug 2018,Everton,Southampton,Goodison Park,2018/19,2,1,13,15,58.0,42.0,8,20,0,5,0,0
18 Aug 2018,Leicester City,Wolverhampton Wanderers,King Power Stadium,2018/19,2,0,6,11,42.8,57.2,10,8,2,1,1,0
18 Aug 2018,Tottenham Hotspur,Fulham,Wembley Stadium,2018/19,3,1,25,10,59.6,40.4,9,5,0,0,0,0
18 Aug 2018,West Ham United,AFC Bournemouth,London Stadium,2018/19,1,2,11,12,61.0,39.0,14,10,6,2,0,0
18 Aug 2018,Chelsea,Arsenal,Stamford Bridge,2018/19,3,2,24,15,62.3,37.7,12,9,0,2,0,0
12 Aug 2018,Liverpool,West Ham United,Anfield,2018/19,4,0,18,5,64.8,35.2,14,9,1,2,0,0
12 Aug 2018,Southampton,Burnley,St. Mary's Stadium,2018/19,0,0,18,16,47.7,52.3,10,9,0,1,0,0
12 Aug 2018,Arsenal,Manchester City,Emirates Stadium,2018/19,0,2,9,17,42.0,58.0,11,14,2,2,0,0
11 Aug 2018,Newcastle United,Tottenham Hotspur,St. James' Park,2018/19,1,2,15,15,40.4,59.6,11,12,2,2,0,0
11 Aug 2018,AFC Bournemouth,Cardiff City,Vitality Stadium,2018/19,2,0,12,10,62.9,37.1,11,9,1,1,0,0
11 Aug 2018,Fulham,Crystal Palace,Craven Cottage,2018/19,0,2,15,12,66.3,33.7,9,11,1,2,0,0
11 Aug 2018,Huddersfield Town,Chelsea,John Smith's Stadium,2018/19,0,3,6,13,37.2,62.8,9,8,2,1,0,0
11 Aug 2018,Watford,Brighton and Hove Albion,Vicarage Road,2018/19,2,0,19,6,53.2,46.8,10,16,2,2,0,0
11 Aug 2018,Wolverhampton Wanderers,Everton,Molineux Stadium,2018/19,2,2,11,8,57.4,42.6,8,7,0,1,0,1
10 Aug 2018,Manchester United,Leicester City,Old Trafford,2018/19,2,1,8,13,46.3,53.7,11,8,2,1,0,0
