PlayerID,PlayerName,Position,Nationality,Height,DateOfBirth
48285,Aaron Ramsey,Midfielder,England,,21/01/2003
9199,Adam Armstrong,Forward,England,172,10/2/1997
72541,Omotayo Adaramola,Defender,Ireland,,13/11/2003
90665,Derek Agyakwa,Defender,Netherlands,,19/12/2001
20113,Kristoffer Ajer,Defender,Norway,196,17/04/1998
51480,Ryan Alebiosu,Defender,England,,17/12/2001
68987,Alejandro Garnacho,Midfielder,Argentina,180,1/7/2004
51774,Jaime Alvarado,Midfielder,Colombia,179,26/07/1999
52723,Julián Álvarez,Forward,Argentina,173,31/01/2000
112742,Will Alves,Forward,England,,4/2/2005
26151,Joachim Andersen,Defender,Denmark,192,31/05/1996
23742,Joseph Anderson,Defender,England,,6/2/2001
121739,Vincent Angelini,Goalkeeper,Scotland,186,12/9/2003
10467,Angeliño,Defender,Spain,175,4/1/1997
24708,Faustino Anjorin,Midfielder,England,185,23/11/2001
51631,Keenan Appiah-Forson,Midfielder,England,,16/10/2001
25281,Cameron Archer,Forward,England,,9/12/2001
5748,Alphonse Areola,Goalkeeper,France,195,27/02/1993
31883,Harrison Ashby,Defender,Scotland,,14/11/2001
123450,Yaser Asprilla,Midfielder,Colombia,185,19/11/2003
23750,Ryan Astley,Defender,Wales,,4/10/2001
15114,Brandon Austin,Goalkeeper,England,188,7/1/1999
67217,Zach Awe,Defender,England,,9/1/2004
3314,Luke Ayling,Defender,England,185,25/08/1991
26975,Miguel Azeez,Midfielder,England,,20/09/2002
69816,Kwadwo Baah,Midfielder,Germany,,27/01/2003
20489,Leon Bailey,Forward,Jamaica,178,9/8/1997
66607,James Balagizi,Midfielder,England,,20/09/2003
21317,Ellery Balcombe,Goalkeeper,England,190,15/10/1999
3513,Gareth Bale,Forward,Wales,185,16/07/1989
19871,Folarin Balogun,Forward,England,178,3/7/2001
4291,Patrick Bamford,Forward,England,185,5/9/1993
74776,Scott Banks,Midfielder,Scotland,,26/09/2001
24773,Shandon Baptiste,Midfielder,Grenada,175,8/4/1998
14426,Daniel Barden,Goalkeeper,Wales,195,2/1/2001
15185,Mason Barrett,Defender,England,,24/09/1999
52960,Louie Barry,Forward,England,,21/06/2003
49501,Lewis Bate,Midfielder,England,,28/10/2002
14568,Nathan Baxter,Goalkeeper,England,191,8/11/1998
25540,Mads Bech Sørensen,Defender,Denmark,189,7/1/1999
66565,Owen Beck,Defender,Wales,,9/8/2002
31662,J'Neil Bennett,Midfielder,England,,7/12/2001
20517,Saïd Benrahma,Forward,Algeria,172,10/8/1995
22802,Rodrigo Bentancur,Midfielder,Uruguay,187,25/06/1997
10761,Gaetano Berardi,Defender,Switzerland,179,21/08/1988
65641,Lucas Bergström,Goalkeeper,Finland,,5/9/2002
12703,Steven Bergwijn,Forward,Netherlands,178,8/10/1997
66647,Mads Bidstrup,Midfielder,Denmark,175,25/02/2001
33175,Mika Biereth,Forward,England,,8/2/2003
21881,Nathan Bishop,Goalkeeper,England,185,15/10/1999
112629,Harvey Blair,Forward,England,,14/09/2003
66657,Oscar Bobb,Midfielder,Norway,,12/7/2003
107846,Lamare Bogarde,Midfielder,Netherlands,,5/1/2004
64271,Mateusz Bogusz,Midfielder,Poland,175,22/08/2001
52175,Bendeguz Bolla,Defender,Hungary,,22/11/1999
8868,Jarrod Bowen,Forward,England,175,20/12/1996
68582,Conor Bradley,Midfielder,Northern Ireland,,9/7/2003
66318,Jarrad Branthwaite,Defender,England,195,27/06/2002
109775,Sammy Braybrooke,Midfielder,England,,12/3/2004
19894,Mungo Bridge,Forward,England,,12/9/2000
31442,Armando Broja,Forward,Albania,191,10/9/2001
9457,Josh Brownhill,Midfielder,England,180,19/12/1995
23396,Bruno Fernandes,Midfielder,Portugal,179,8/9/1994
74761,Bruno Guimarães,Midfielder,Brazil,182,16/11/1997
25191,Bruno Jordão,Midfielder,Portugal,180,12/10/1998
19890,Lewis Brunt,Midfielder,England,,6/11/2000
26408,Emiliano Buendía,Midfielder,Argentina,172,25/12/1996
66692,Hugo Bueno,Defender,Spain,180,18/09/2002
49267,Finley Burns,Defender,England,,17/06/2003
4634,Jack Butland,Goalkeeper,England,196,10/3/1993
112203,Moisés Caicedo,Midfielder,Ecuador,178,2/11/2001
32279,Jake Cain,Midfielder,England,,2/9/2001
74817,Caleb Chukwuemeka,Forward,England,,25/01/2002
14482,Callum Rowe,Defender,England,,2/9/1999
74562,Leonardo Campana,Forward,Ecuador,187,24/07/2000
51648,Chem Campbell,Midfielder,Wales,,30/12/2002
13225,Sergi Canós,Forward,Spain,177,2/2/1997
14944,Todd Cantwell,Midfielder,England,177,27/02/1998
74591,Elia Caprile,Goalkeeper,Italy,,25/08/2001
50501,Carlos Vinícius,Forward,Brazil,190,25/03/1995
2250,Scott Carson,Goalkeeper,England,190,3/9/1985
53269,Oliver Casey,Defender,England,188,14/10/2000
13344,Matthew Cash,Defender,Poland,185,7/8/1997
6712,Timothy Castagne,Defender,Belgium,185,5/12/1995
5771,Edinson Cavani,Forward,Uruguay,184,14/02/1987
7163,Dani Ceballos,Midfielder,Spain,179,7/8/1996
51616,Kallum Cesay,Defender,England,,4/9/2002
75201,Shea Charles,Defender,Northern Ireland,,5/11/2003
65849,Kgaogelo Chauke,Midfielder,England,,8/1/2003
30534,Daniel Chesters,Midfielder,England,,4/4/2002
122388,Chiquinho,Forward,Portugal,179,5/2/2000
69747,Benjamin Chrisene,Midfielder,England,,12/1/2004
64522,Christian Marques,Defender,Portugal,187,15/01/2003
64140,Carney Chukwuemeka,Midfielder,England,,20/10/2003
51609,Dennis Cirkin,Defender,England,181,6/4/2002
51690,CJ Egan-Riley,Defender,England,,2/1/2003
19877,Harry Clarke,Defender,England,,2/3/2001
11146,Jake Clarke-Salter,Defender,England,188,22/09/1997
33335,Leighton Clarkson,Midfielder,England,175,19/10/2001
14559,Alex Cochrane,Defender,England,,21/04/2000
24659,Nathan Collins,Defender,Ireland,193,30/04/2001
69507,Kamil Conteh,Midfielder,England,177,26/12/2002
3622,Liam Cooper,Defender,Scotland,180,30/08/1991
53182,Theo Corbeanu,Forward,Canada,190,17/05/2002
16758,Maxwel Cornet,Midfielder,Cote D’Ivoire,179,27/09/1996
49256,Ben Cottrell,Midfielder,England,,31/10/2001
7336,Vladimir Coufal,Defender,Czech Republic,179,22/08/1992
98258,Matthew Cox,Goalkeeper,England,,2/5/2003
69286,Charlie Cresswell,Defender,England,,17/08/2002
51245,Kane Crichlow,Midfielder,Bermuda,,21/08/2000
2522,Cristiano Ronaldo,Forward,Portugal,187,5/2/1985
31905,Cucho Hernández,Forward,Colombia,176,20/04/1999
27277,Marc Cucurella,Defender,Spain,172,22/07/1998
23989,Luke Cundle,Midfielder,England,,26/04/2002
22870,Patrick Cutrone,Forward,Italy,183,3/1/1998
24994,Patson Daka,Forward,Zambia,183,9/10/1998
20722,Sam Dalby,Forward,England,,7/12/1999
19868,Vontae Daley-Campbell,Defender,England,,2/4/2001
8148,Stuart Dallas,Midfielder,Northern Ireland,183,19/04/1991
12005,Henrik Dalsgaard,Defender,Denmark,192,27/07/1989
11362,Daniel Podence,Midfielder,Portugal,165,21/10/1995
2817,Luke Daniels,Goalkeeper,England,185,5/1/1988
13130,Keinan Davis,Forward,England,191,13/02/1998
4198,Craig Dawson,Defender,England,188,6/5/1990
12198,Laurens De Bock,Defender,Belgium,179,7/11/1992
53177,Lucas De Bolle,Midfielder,Scotland,,22/10/2002
51813,Liam Delap,Forward,England,,8/2/2003
67927,Lars Dendoncker,Defender,Belgium,,3/4/2001
20701,Emmanuel Dennis,Forward,Nigeria,175,15/11/1997
49461,Halil Dervisoglu,Forward,Turkey,183,8/12/1999
77990,Alfie Devine,Midfielder,England,179,1/8/2004
14706,Kiernan Dewsbury-Hall,Midfielder,England,,6/9/1998
69176,Amad Diallo,Forward,Cote D’Ivoire,173,11/7/2002
66669,Luis Díaz,Forward,Colombia,178,13/01/1997
33345,Thomas Dickson-Peters,Forward,Scotland,,16/09/2002
24231,Elijah Dixon-Bonner,Midfielder,England,,1/1/2001
52153,Moussa Djenepo,Midfielder,Mali,177,15/06/1998
51511,Lewis Dobbin,Forward,England,,3/1/2003
66524,Owen Dodgson,Defender,England,,19/03/2003
24637,Tommy Doyle,Midfielder,England,,17/10/2001
24811,Cody Drameh,Defender,England,,8/12/2001
14829,Jimmy Dunne,Defender,Ireland,183,19/10/1997
74787,Frankie Ealing,Defender,England,,14/07/2004
16788,Odsonne Édouard,Forward,France,187,16/01/1998
66658,Samuel Edozie,Forward,England,,28/01/2003
70755,Edward Rowe,Midfielder,England,,17/10/2003
51224,Pierre Ekwah,Defender,France,,15/01/2002
11033,Anwar El Ghazi,Midfielder,Netherlands,188,3/5/1995
49259,Anthony Elanga,Forward,Sweden,178,27/04/2002
63654,Emerson Royal,Defender,Brazil,181,14/01/1999
32388,Emiliano Marcondes,Midfielder,Denmark,182,9/3/1995
12199,Björn Engels,Defender,Belgium,193,15/09/1994
43087,Peter Etebo,Midfielder,Nigeria,172,9/11/1995
51530,Oliver Ewing,Midfielder,Wales,,3/1/2003
21584,Eberechi Eze,Midfielder,England,,29/06/1998
66670,Fábio Silva,Forward,Portugal,185,19/07/2002
31663,Malachi Fagan-Walcott,Defender,England,,11/3/2002
19752,Akin Famewo,Defender,England,187,9/11/1998
23703,Juan Familia-Castillo,Defender,Netherlands,,13/01/2000
114485,Josh Feeney,Midfielder,England,,6/5/2005
71590,Evan Ferguson,Forward,Ireland,,19/10/2004
23585,Álvaro Fernández,Goalkeeper,Spain,185,13/04/1998
22002,Will Ferry,Midfielder,Ireland,176,7/12/2000
78267,Ryan Finnigan,Midfielder,England,,23/09/2003
33046,Junior Firpo,Defender,Spain,184,22/08/1996
51582,William Fish,Defender,England,185,17/02/2003
51544,Ethan Fitzhugh,Midfielder,England,,27/11/2002
13145,Ashley Fletcher,Forward,England,185,2/10/1995
69415,Marcelo Flores,Midfielder,Mexico,,1/10/2003
52959,Shane Flynn,Midfielder,Ireland,,14/10/2001
66284,Wesley Fofana,Defender,France,190,17/12/2000
114256,Shaqai Forde,Midfielder,England,,
25246,Pablo Fornals,Midfielder,Spain,178,22/02/1996
3877,Adam Forshaw,Midfielder,England,174,8/10/1991
15170,Marcus Forss,Forward,Finland,182,18/06/1999
10883,Tariqe Fosu-Henry,Midfielder,Ghana,180,5/11/1995
107830,Melkamu Frauendorf,Midfielder,Germany,,12/1/2004
66367,James Furlong,Defender,Ireland,,7/6/2002
50234,Gabriel Magalhães,Defender,Brazil,190,19/12/1997
66104,Gabriel Martinelli,Midfielder,Brazil,178,18/06/2001
24649,Ethan Galbraith,Midfielder,Northern Ireland,175,11/5/2001
21887,Conor Gallagher,Midfielder,England,182,6/2/2000
24635,Eric García,Defender,Spain,182,9/1/2001
20187,Jean-Philippe Gbamin,Midfielder,Cote D’Ivoire,186,25/09/1995
51754,Joe Gelhardt,Forward,England,175,4/5/2002
25094,Saman Ghoddos,Forward,Iran,176,6/9/1993
19591,Dimitris Giannoulis,Defender,Greece,175,17/10/1995
69765,Liam Gibbs,Midfielder,England,,16/12/2002
55700,Bryan Gil,Forward,Spain,175,11/2/2001
25534,Alex Gilbert,Forward,Ireland,,28/12/2001
8321,Mark Gillespie,Goalkeeper,England,192,27/03/1992
24221,Billy Gilmour,Midfielder,Scotland,166,11/6/2001
10968,Ben Godfrey,Defender,England,183,15/01/1998
19626,Pierluigi Gollini,Goalkeeper,Italy,194,18/03/1995
13702,Charlie Goode,Defender,England,196,3/8/1995
51474,Lewis Gordon,Defender,England,,12/2/2001
1870,Lee Grant,Goalkeeper,England,193,27/01/1983
4260,Jack Grealish,Midfielder,England,175,10/9/1995
23911,Sam Greenwood,Forward,England,185,26/01/2002
15549,Frédéric Guilbert,Defender,France,178,24/12/1994
64148,Patrik Gunnarsson,Goalkeeper,Iceland,190,15/11/2000
51437,Peter Gwargis,Midfielder,Sweden,,4/9/2000
63841,Micah Hamilton,Midfielder,England,,13/11/2003
3819,Grant Hanley,Defender,Scotland,187,20/11/1991
15186,Reece Hannam,Defender,England,,11/9/2000
66722,Bjorn Hardley,Defender,Netherlands,,19/12/2002
32998,Harrison Sohna,Midfielder,England,,1/7/2002
25447,Taylor Harwood-Bellis,Defender,England,188,30/01/2002
20810,Kai Havertz,Midfielder,Germany,188,11/6/1999
53074,Kaine Hayden,Defender,England,,23/10/2002
51581,Maxwell Haygarth,Midfielder,England,,21/01/2002
51917,Karl Hein,Goalkeeper,Estonia,193,13/04/2002
47259,Philip Heise,Defender,Germany,184,20/06/1991
51579,Mark Helm,Midfielder,England,,21/10/2001
3058,Stephen Henderson,Goalkeeper,Ireland,193,2/5/1988
10947,Rico Henry,Defender,England,170,8/7/1997
98301,Jack Henry-Francis,Midfielder,Ireland,,23/09/2003
33066,Onel Hernández,Midfielder,Cuba,172,1/2/1993
20005,James Hillson,Goalkeeper,England,,14/01/2001
112246,Leo Fuhr Hjelde,Defender,Norway,188,26/08/2003
9377,Conor Hourihane,Midfielder,Ireland,180,2/2/1991
104260,Niall Huggins,Defender,Wales,,18/12/2000
8589,Will Hughes,Midfielder,England,185,17/04/1995
107835,Joe Hugill,Forward,England,,19/10/2003
24340,Joseph Hungbo,Midfielder,England,,15/01/2000
43859,Mackenzie Hunt,Midfielder,England,,14/11/2001
98300,Omari Hutchinson,Midfielder,England,,29/10/2003
20337,Hwang Hee-Chan,Forward,South Korea,177,26/01/1996
24641,Adam Idah,Forward,Ireland,190,11/2/2001
66538,Tim Iroegbunam,Midfielder,England,,30/06/2003
24227,Einar Iversen,Midfielder,Norway,,6/6/2001
14571,Reece James,Defender,England,182,8/12/1999
23194,Vitaly Janelt,Midfielder,Germany,184,10/5/1998
52931,Alexandre Jankewitz,Midfielder,Switzerland,179,25/12/2001
12847,Pontus Jansson,Defender,Sweden,194,13/02/1991
24807,Vítezslav Jaros,Goalkeeper,Czech Republic,,23/07/2001
98303,Taylor Jay-Hart,Midfielder,England,179,18/12/2003
51085,Julian Jeanvier,Defender,Guinea,185,31/03/1992
69289,Jack Jenkins,Midfielder,England,,23/03/2002
24723,Teddy Jenks,Midfielder,England,191,12/3/2002
49726,Mathias Jensen,Midfielder,Denmark,180,1/1/1996
122872,Jeong Sang-Bin,Forward,South Korea,173,1/4/2002
5051,João Cancelo,Defender,Portugal,182,27/05/1994
72371,João Pedro,Forward,Brazil,182,26/09/2001
20607,Joelinton,Forward,Brazil,186,14/08/1996
23743,Kyle John,Defender,England,,13/02/2001
15212,Ben Johnson,Midfielder,England,175,24/01/2000
15715,José Sá,Goalkeeper,Portugal,192,17/01/1993
13515,James Justin,Defender,England,183,23/02/1998
50165,Ozan Kabak,Defender,Turkey,186,25/03/2000
21611,Lovre Kalinic,Goalkeeper,Croatia,201,3/4/1990
21714,Samuel Kalu,Forward,Nigeria,176,26/08/1997
66590,Abu Kamara,Defender,England,,
3960,Harry Kane,Forward,England,188,28/07/1993
108973,Michal Karbownik,Defender,Poland,,13/03/2001
122118,Hayao Kawabe,Midfielder,Japan,178,8/9/1995
32298,Edo Kayembe,Midfielder,DR Congo,183,3/6/1998
120096,Kayky,Forward,Brazil,175,11/6/2003
20958,Moise Kean,Forward,Italy,183,28/02/2000
98279,Nohan Kenneh,Midfielder,England,,10/1/2003
67899,Reda Khadra,Midfielder,Germany,,4/7/2001
16793,Kiko Casilla,Goalkeeper,Spain,190,2/10/1986
23152,Kristoffer Klaesson,Goalkeeper,Norway,189,27/11/2000
13089,Mateusz Klich,Midfielder,Poland,183,13/06/1990
12891,Timm Klose,Defender,Switzerland,193,9/5/1988
26220,Robin Koch,Defender,Germany,192,17/07/1996
23593,Ibrahima Konaté,Defender,France,194,25/05/1999
13274,Ezri Konsa,Defender,England,183,23/10/1997
66564,Billy Koumetio,Defender,France,,14/11/2002
122119,Kacper Kozlowski,Midfielder,Poland,177,16/10/2003
66494,Emil Krafth,Defender,Sweden,184,2/8/1994
67196,Alex Král,Midfielder,Czech Republic,185,19/05/1998
22866,Juraj Kucka,Midfielder,Slovakia,186,26/02/1987
49316,Dejan Kulusevski,Midfielder,Sweden,186,25/04/2000
23704,Tariq Lamptey,Defender,England,,30/09/2000
24702,Daniel Langley,Goalkeeper,England,,28/12/2000
3049,Henri Lansbury,Midfielder,England,183,12/10/1990
99282,Roméo Lavia,Midfielder,Belgium,,6/1/2004
23696,Marcel Lavinier,Midfielder,Portugal,180,16/12/2000
66222,Zan-Luk Leban,Goalkeeper,Slovenia,,15/12/2002
25071,Pierre Lees-Melou,Midfielder,France,185,25/05/1993
68580,Dexter Lembikisa,Defender,England,,4/11/2003
51777,Marc Leonard,Midfielder,Scotland,,19/12/2001
23830,Dylan Levitt,Midfielder,Wales,180,17/11/2000
14938,Jamal Lewis,Defender,Northern Ireland,178,25/01/1998
108922,Lewis Hall,Midfielder,England,,8/9/2004
66516,Hayden Lindley,Midfielder,England,,2/9/2002
49495,Valentino Livramento,Defender,England,,12/11/2002
5790,Diego Llorente,Defender,Spain,186,16/08/1993
19851,Giovani Lo Celso,Midfielder,Argentina,177,9/4/1996
8006,Andy Lonergan,Goalkeeper,England,192,19/10/1983
20055,Emmanuel Longelo,Forward,England,,27/12/2000
14903,Matthew Longstaff,Midfielder,England,,21/03/2000
74811,Nigel Lonwijk,Defender,Netherlands,188,27/10/2002
52201,Joel Lopez Salguero,Defender,Spain,,31/03/2002
54144,Imrân Louza,Midfielder,Morocco,178,1/5/1999
49961,Lyanco,Defender,Brazil,187,1/2/1997
23948,Brooklyn Lyons-Foster,Defender,England,,1/12/2000
72455,Isaac Mabaya,Midfielder,England,,22/09/2004
53007,Malachi Boateng,Midfielder,England,,5/7/2002
71441,Anthony Mancini,Midfielder,France,180,6/4/2001
16640,Marçal,Defender,Brazil,178,19/02/1989
32925,Marcelo Pitaluga,Goalkeeper,Brazil,192,20/12/2002
20097,Pablo Marí,Defender,Spain,193,31/08/1993
23952,Dilan Markanday,Forward,England,,20/08/2001
51692,Filip Marschall,Goalkeeper,England,,24/04/2003
26977,Josh Martin,Midfielder,England,,9/9/2001
51556,Tawanda Maswanhise,Midfielder,England,,20/11/2002
20874,Jean-Philippe Mateta,Forward,France,192,28/06/1997
51619,Matthew Craig,Midfielder,Scotland,,16/04/2003
10827,Remi Matthews,Goalkeeper,England,184,10/2/1994
16256,Neal Maupay,Forward,France,173,14/08/1996
64460,Luke Mbete,Defender,England,,18/09/2003
66360,Bryan Mbeumo,Midfielder,France,171,7/8/1999
69546,Xavier Mbuyamba,Defender,Netherlands,,31/12/2001
66707,Reece McAlear,Midfielder,Scotland,185,12/2/2002
49270,James McAtee,Midfielder,England,,18/10/2002
51553,Kasey McAteer,Midfielder,England,,22/11/2001
53270,Alfie McCalmont,Midfielder,Northern Ireland,,25/03/2000
52613,Liam McCarron,Midfielder,Scotland,175,7/3/2001
23853,Jon McCracken,Goalkeeper,Scotland,,24/05/2000
20961,Thomas McGill,Goalkeeper,England,,25/03/2000
51423,John McGinn,Midfielder,Scotland,178,18/10/1994
78239,Joseph McGlynn,Forward,Scotland,,27/09/2002
19675,Michael McGovern,Goalkeeper,Northern Ireland,191,12/7/1984
69288,Stuart McKinstry,Midfielder,Scotland,,18/09/2002
33061,Kenny McLean,Midfielder,Scotland,183,8/1/1992
68593,Hannibal Mejbri,Midfielder,Tunisia,177,21/01/2003
54889,Édouard Mendy,Goalkeeper,Senegal,197,1/3/1992
27090,Teden Mengi,Defender,England,183,30/04/2002
66378,Illan Meslier,Goalkeeper,France,193,2/3/2000
51612,Michael Craig,Midfielder,Scotland,,16/04/2003
12322,Takumi Minamino,Forward,Japan,174,16/01/1995
24334,Tyrick Mitchell,Defender,England,,1/9/1999
117732,Kaoru Mitoma,Forward,Japan,178,20/05/1997
108751,Jakub Moder,Midfielder,Poland,188,7/4/1999
115025,Jacob Montes,Midfielder,United States,,20/10/1998
92722,Kris Moore,Defender,England,,13/11/2003
92706,Andrew Moran,Midfielder,Ireland,,15/10/2003
64281,Pablo Moreno,Forward,Spain,174,3/5/2002
25269,James Morris,Defender,England,,23/11/2001
51574,Tyler Morton,Midfielder,England,,31/10/2002
115114,Yerson Mosquera,Defender,Colombia,187,2/5/2001
23824,Louie Moulden,Goalkeeper,England,,6/1/2002
14580,Mason Mount,Midfielder,England,178,10/1/1999
23903,Bali Mumba,Defender,England,,1/10/2001
75991,Joel Mumbongo,Forward,Sweden,188,9/1/1999
51610,Romaine Mundle,Midfielder,England,,24/04/2003
9662,Jacob Murphy,Midfielder,England,179,24/02/1995
25467,Enock Mwepu,Midfielder,Zambia,184,1/1/1998
24983,Vitalii Mykolenko,Defender,Ukraine,180,29/05/1999
15019,Daniel N'Lundulu,Forward,England,185,5/2/1999
45351,Marvelous Nakamba,Midfielder,Zimbabwe,178,19/01/1994
14577,Richard Nartey,Defender,England,184,6/9/1998
25329,Tanguy Ndombele,Midfielder,France,181,28/12/1996
16642,Nélson Semedo,Defender,Portugal,177,16/11/1993
20064,Jeremy Ngakia,Defender,England,,7/9/2000
4931,Saúl Ñíguez,Midfielder,Spain,184,21/11/1994
5570,Nicolas Nkoulou,Defender,Cameroon,184,27/03/1990
76258,Niels Nkounkou,Defender,France,180,1/11/2000
66094,Nuno Tavares,Defender,Portugal,183,26/01/2000
51416,Ørjan Nyland,Goalkeeper,Norway,192,10/9/1990
42331,Christian Nørgaard,Midfielder,Denmark,187,10/3/1994
90664,Kane O'Connor,Defender,Scotland,,17/01/2001
64069,Ademipo Odubeko,Forward,Ireland,,21/10/2002
66522,Chituru Odunze,Goalkeeper,United States,200,14/10/2002
33342,Odeluga Offiah,Defender,England,,26/10/2002
49264,Mazeed Ogungbo,Defender,Ireland,,20/10/2002
66557,Jakub Ojrzynski,Goalkeeper,Poland,,19/02/2003
24823,Armstrong Oko-Flex,Forward,Ireland,,2/3/2002
23650,Arthur Okonkwo,Goalkeeper,England,198,9/9/2001
76024,Maduka Okoye,Goalkeeper,Nigeria,197,28/08/1999
53741,Jaakko Oksanen,Midfielder,Finland,,7/11/2000
66225,Kazeem Olaigbe,Forward,Belgium,,2/1/2003
32989,Michael Olise,Midfielder,France,176,12/12/2001
11224,Robin Olsen,Goalkeeper,Sweden,198,8/1/1990
23941,Josh Oluwayemi,Goalkeeper,England,,13/03/2001
53085,Andrew Omobamidele,Defender,Ireland,188,23/06/2002
14455,Tobi Omole,Defender,England,,17/12/1999
53610,Akos Onodi,Goalkeeper,Hungary,,2/9/2001
51510,Tyler Onyango,Midfielder,England,190,4/3/2003
108612,Frank Onyeka,Midfielder,Nigeria,183,1/1/1998
23994,Owen Otasowie,Midfielder,United States,191,6/1/2001
92734,Salah-Eddine Oulad M'hand,Midfielder,Netherlands,,20/08/2003
14909,Aston Oxborough,Goalkeeper,England,,9/5/1998
49489,Daniel Oyegoke,Defender,England,,3/1/2003
4654,Pablo Hernández,Midfielder,Spain,173,11/4/1985
49293,Cole Palmer,Midfielder,England,,6/5/2002
117318,Pape Sarr,Midfielder,Senegal,185,14/09/2002
14984,Adam Parkes,Goalkeeper,England,,30/11/1999
43856,Troy Parrott,Forward,Ireland,185,4/2/2002
4936,Thomas Partey,Midfielder,Ghana,185,13/06/1993
108924,Maksim Paskotsi,Defender,Estonia,,19/01/2003
49490,Charlie Patino,Midfielder,England,,17/10/2003
74585,Nathan Patterson,Defender,Scotland,183,16/10/2001
13485,Bailey Peacock-Farrell,Goalkeeper,Northern Ireland,193,29/10/1996
49494,Myles Peart-Harris,Midfielder,England,,18/09/2002
21998,Pedro Neto,Forward,Portugal,172,9/3/2000
108972,Facundo Pellistri,Midfielder,Uruguay,175,20/12/2001
50252,Nicolas Pépé,Forward,Cote D’Ivoire,183,29/05/1995
10487,Ayoze Pérez,Forward,Spain,178,29/07/1993
5181,Stipe Perica,Forward,Croatia,192,7/7/1995
69617,Sonny Perkins,Midfielder,England,,10/2/2004
21495,Romain Perraud,Defender,France,173,22/09/1997
20079,Taylor Perry,Midfielder,England,,15/07/2001
4525,Philippe Coutinho,Midfielder,Brazil,172,12/6/1992
10768,Kalvin Phillips,Midfielder,England,178,2/12/1995
64519,Jaden Philogene-Bidace,Midfielder,England,,8/2/2002
4821,Erik Pieters,Defender,Netherlands,183,7/8/1988
22043,Ethan Pinnock,Defender,Jamaica,187,29/05/1993
32700,Przemyslaw Placheta,Midfielder,Poland,177,23/03/1998
49476,Luke Plange,Forward,England,178,4/11/2002
24645,Maurizio Pochettino,Midfielder,Spain,,30/03/2001
53313,Matthew Pollock,Defender,England,,28/09/2001
66560,Freddie Potts,Midfielder,England,,12/9/2003
5860,Dennis Praet,Midfielder,Belgium,181,14/05/1994
23653,Aaron Pressley,Forward,Scotland,189,7/11/2001
70216,Isaac Price,Forward,Northern Ireland,,26/09/2003
5169,Teemu Pukki,Forward,Finland,180,29/03/1990
50960,Ignacio Pussetto,Forward,Argentina,180,21/12/1995
51557,Jarell Quansah,Defender,England,,29/01/2003
36972,Xavi Quintillá,Defender,Spain,183,23/08/1996
21760,Luka Racic,Defender,Denmark,,8/5/1999
66518,Arjan Raikhy,Midfielder,England,,20/10/2002
49504,Jesurun Rak-Sakyi,Midfielder,England,,5/10/2002
19888,Jacob Ramsey,Midfielder,England,,28/05/2001
2216,Darren Randolph,Goalkeeper,Ireland,188,12/5/1987
24156,Raphinha,Forward,Brazil,176,14/12/1996
24128,Milot Rashica,Midfielder,Kosovo,177,28/06/1996
7975,David Raya,Goalkeeper,Spain,183,15/09/1995
39606,Sergio Reguilón,Defender,Spain,178,16/12/1996
76427,Omar Rekik,Defender,Tunisia,186,20/12/2001
23813,Rhys Williams,Defender,England,,3/2/2001
19928,Taylor Richards,Midfielder,England,180,4/12/2000
67198,Lewis Richardson,Forward,England,,7/2/2003
24809,Haydon Roberts,Defender,England,,10/5/2002
13796,Joe Rodon,Defender,Wales,180,22/10/1997
16286,Rodri,Midfielder,Spain,191,22/06/1996
4095,Rodrigo,Forward,Spain,182,6/3/1991
3851,Jay Rodriguez,Forward,England,185,29/07/1989
21297,Mads Roerslev,Defender,Denmark,184,24/06/1999
23968,Morgan Rogers,Forward,England,,26/07/2002
65782,Jonathan Rowe,Forward,England,173,30/04/2003
16431,Rúben Dias,Defender,Portugal,186,14/05/1997
49716,Rúnar Rúnarsson,Goalkeeper,Iceland,186,18/02/1995
25203,Lukas Rupp,Midfielder,Germany,178,8/1/1991
12817,Allan Saint-Maximin,Forward,France,173,12/3/1997
6251,Henri Saivet,Midfielder,Senegal,174,26/10/1990
66204,William Saliba,Defender,France,192,24/03/2001
51775,Mohammed Salisu,Defender,Ghana,191,17/04/1999
20490,Mbwana Samatta,Forward,Tanzania,183,23/12/1992
31861,Albert Sambi Lokonga,Midfielder,Belgium,173,22/10/1999
47181,Samir,Defender,Brazil,189,5/12/1994
14801,Jadon Sancho,Forward,England,180,25/03/2000
15218,Dion Sanderson,Defender,England,,15/12/1999
25068,Morgan Sanson,Midfielder,France,180,18/08/1994
51209,Joshua Sargent,Forward,United States,185,20/02/2000
14463,Matija Sarkic,Goalkeeper,Montenegro,195,23/07/1997
68857,Jeremy Sarmiento,Forward,Ecuador,,16/06/2002
20499,Malang Sarr,Defender,France,182,23/01/1999
69417,Charlie Savage,Midfielder,Wales,,2/5/2003
66570,Dane Scarlett,Forward,England,180,24/03/2004
67189,Kjell Scherpen,Goalkeeper,Netherlands,204,23/01/2000
19844,Meritan Shabani,Midfielder,Germany,185,15/03/1999
14393,Jamie Shackleton,Midfielder,England,168,8/10/1999
70241,Teddy Sharman-Lowe,Goalkeeper,England,189,30/03/2003
23914,Nathan Shepperd,Goalkeeper,Wales,,10/9/2000
64142,Shola Shoretire,Forward,England,170,2/2/2004
23797,Sidnei Tavares,Midfielder,Portugal,,29/09/2001
72119,Francisco Sierralta,Defender,Chile,190,6/5/1997
108851,Abdallah Sima,Forward,Senegal,,17/06/2001
25529,Dynel Simeu,Defender,England,186,13/03/2002
19925,Ellis Simms,Forward,England,,5/1/2001
51638,Kamarai Simon-Swyer,Forward,England,,4/12/2002
49502,Xavier Simons,Midfielder,England,,20/02/2003
52017,Danel Sinani,Midfielder,Luxembourg,185,5/4/1997
52202,Viljami Sinisalo,Goalkeeper,Finland,,11/10/2001
74743,Melvin Sitti,Midfielder,France,182,14/02/2000
53075,Cieran Slicker,Goalkeeper,Scotland,,15/09/2002
75104,Thierry Small,Defender,England,,1/8/2004
14997,William Smallbone,Forward,Ireland,,21/02/2000
23901,Tom Smith,Goalkeeper,England,,30/01/2002
49158,Andreas Söndergaard,Goalkeeper,Denmark,189,17/01/2001
68634,Jude Soonsup-Bell,Forward,England,,10/1/2004
76262,Sebastian Soto,Forward,United States,183,28/07/2000
25183,Tomas Soucek,Midfielder,Czech Republic,192,27/02/1995
50247,Boubakary Soumaré,Midfielder,France,188,27/02/1999
110255,Kamal Sowah,Midfielder,Ghana,179,9/1/2000
35741,Tony Springett,Midfielder,England,,
4348,Jed Steer,Goalkeeper,England,183,23/09/1992
54392,Zack Steffen,Goalkeeper,United States,191,2/4/1995
49477,Finley Stevens,Defender,Wales,,10/4/2003
32288,Toby Stevenson,Defender,England,,22/11/1999
23199,Marco Stiepermann,Forward,Germany,190,9/2/1991
25444,Jakub Stolarczyk,Goalkeeper,Poland,,19/12/2000
109735,James Storer,Goalkeeper,England,,
49152,Robert Street,Forward,England,,26/09/2001
33124,Pascal Struijk,Defender,Netherlands,190,11/8/1999
92693,Thanawat Suengchitthawon,Midfielder,Thailand,,8/1/2000
65961,Crysencio Summerville,Midfielder,Netherlands,174,30/10/2001
19874,Zak Swanson,Defender,England,,28/09/2000
98302,Sil Swinkels,Defender,Netherlands,,6/1/2004
76261,Jacob Sørensen,Midfielder,Denmark,,3/3/1998
19893,Michael Tait,Forward,England,,29/01/2001
4402,Neil Taylor,Defender,Wales,176,7/2/1989
35781,Allan Tchaptchet,Defender,France,193,21/12/2001
14452,Nathan Tella,Midfielder,England,,5/7/1999
5264,Thiago,Midfielder,Spain,174,11/4/1991
5754,Thiago Silva,Defender,Brazil,183,22/09/1984
63836,Bobby Thomas,Defender,England,,30/01/2001
19869,Dominic Thompson,Defender,England,,26/07/2000
12185,Kieran Tierney,Defender,Scotland,178,5/6/1997
115169,Takehiro Tomiyasu,Defender,Japan,188,5/11/1998
66588,Jonathan Tomkinson,Defender,United States,,11/4/2002
107844,Tommi O'Reilly,Midfielder,England,,15/12/2003
9246,Ivan Toney,Forward,England,179,16/03/1996
43098,Ferran Torres,Forward,Spain,184,29/02/2000
92635,Toti,Defender,Portugal,187,16/01/1999
32280,James Trafford,Goalkeeper,England,,10/10/2002
10394,Bertrand Traoré,Forward,Burkina Faso,181,6/9/1995
16087,Trézéguet,Midfielder,Egypt,180,1/10/1994
67454,Trincão,Forward,Portugal,184,29/12/1999
21612,William Troost-Ekong,Defender,Nigeria,191,1/9/1993
20486,Leandro Trossard,Forward,Belgium,171,4/12/1994
54831,Auston Trusty,Defender,United States,191,12/8/1998
24412,Tom Trybull,Midfielder,Germany,181,9/3/1993
16006,Konstantinos Tsimikas,Defender,Greece,178,12/5/1996
51484,Antef Tsoungui,Defender,England,,30/12/2002
15791,Ozan Tufan,Midfielder,Turkey,179,23/03/1995
49173,Ed Turns,Defender,Wales,,18/10/2002
43940,Harry Tyrer,Goalkeeper,England,,6/12/2001
67704,Christos Tzolis,Forward,Greece,184,30/01/2002
14593,Iké Ugbo,Forward,Canada,184,21/09/1998
114957,Deniz Undav,Forward,Germany,179,19/07/1996
23612,Cengiz Ünder,Forward,Turkey,173,14/07/1997
67201,Harvey Vale,Midfielder,England,,11/9/2003
37931,Joel Valencia,Forward,Ecuador,164,16/11/1994
11031,Donny van de Beek,Midfielder,Netherlands,184,18/04/1997
99280,Mikki van Sas,Goalkeeper,Netherlands,,29/02/2004
5782,Raphaël Varane,Defender,France,191,25/04/1993
31670,Indiana Vassilev,Forward,United States,173,16/02/2001
4874,Joël Veltman,Defender,Netherlands,184,15/01/1992
67634,Vitinha,Midfielder,Portugal,172,13/02/2000
15013,Jake Vokins,Defender,England,180,17/03/2000
22040,Mario Vrancic,Midfielder,Bosnia & Herzegovina,187,23/05/1989
14467,Jake Walker,Defender,England,,3/11/2000
98263,Sam Waller,Goalkeeper,England,,9/9/2003
8159,Christian Walton,Goalkeeper,England,182,9/11/1995
51545,Wanya Marçal-Madivadua,Midfielder,Portugal,,19/10/2002
3929,Joel Ward,Defender,England,188,29/10/1989
8658,Ollie Watkins,Forward,England,180,30/12/1995
51238,Caleb Watts,Midfielder,Australia,171,16/01/2002
9426,Adam Webster,Defender,England,191,4/1/1995
20261,Wout Weghorst,Forward,Netherlands,197,7/8/1992
31046,Jensen Weir,Midfielder,England,184,31/01/2002
66578,Reece Welch,Defender,England,,19/09/2003
107826,Jack Wells-Morrison,Midfielder,England,,18/02/2004
23599,Timo Werner,Forward,Germany,180,6/3/1996
15580,Wesley Moraes,Forward,Brazil,191,26/11/1996
69653,Charlie Whitaker,Midfielder,England,,16/09/2003
70133,Dylan Williams,Defender,England,,13/09/2003
5806,Willian José,Forward,Brazil,189,23/11/1991
13961,Harry Wilson,Midfielder,Wales,173,22/03/1997
48690,Joshua Wilson-Esbrand,Defender,England,,26/12/2002
117497,Yoane Wissa,Midfielder,DR Congo,176,3/9/1996
51563,Max Woltman,Forward,England,,20/08/2003
78211,Yan Couto,Defender,Brazil,169,3/6/2002
66506,Romaric Yapi,Defender,France,178,13/07/2000
62919,Brad Young,Forward,England,,6/1/2003
51226,Nathan Young-Coombes,Forward,England,,15/01/2003
64074,Jan Zamburek,Midfielder,Czech Republic,182,13/02/2001
50230,Andi Zeqiri,Forward,Switzerland,181,22/06/1999
70136,Zidane Iqbal,Midfielder,Iraq,,27/04/2003
24220,Karlo Ziger,Goalkeeper,Croatia,,11/5/2001
22047,Christoph Zimmermann,Defender,Germany,194,12/1/1993
42709,Philip Zinckernagel,Forward,Denmark,175,16/12/1994
20750,Hakim Ziyech,Midfielder,Morocco,180,19/03/1993
107891,Oliwier Zych,Goalkeeper,Poland,,28/06/2004
11419,Martin Ødegaard,Midfielder,Norway,178,17/12/1998
21797,Oladapo Afolayan,Forward,England,180,11/9/1997
6609,Ahmed Hegazi,Defender,Egypt,193,25/01/1991
71432,Rayan Aït-Nouri,Defender,France,179,6/6/2001
10424,Semi Ajayi,Defender,Nigeria,193,9/11/1993
20053,Ajibola Alese,Defender,England,,17/01/2001
5467,Alex Telles,Defender,Brazil,181,15/12/1992
22698,Ezgjan Alioski,Midfielder,North Macedonia,173,12/2/1992
15994,Allan,Midfielder,Brazil,173,8/1/1991
112097,Frederik Alves,Defender,Denmark,195,8/11/1999
20723,Steven Alzate,Midfielder,Colombia,180,8/9/1998
19970,Max Aarons,Defender,England,178,4/1/2000
13279,Abdul Rahman Baba,Defender,Ghana,180,2/7/1994
10905,Che Adams,Forward,Scotland,175,13/07/1996
14674,Dennis Adeniran,Midfielder,England,180,2/1/1999
9131,Albert Adomah,Midfielder,Ghana,185,13/12/1987
24778,Daniel Adshead,Midfielder,England,167,2/9/2001
4183,Ahmed El Mohamady,Defender,Egypt,183,9/9/1987
5248,Albian Ajeti,Forward,Switzerland,183,26/02/1997
13984,Allan,Midfielder,Brazil,175,3/3/1997
49990,Ibrahim Amadou,Midfielder,France,183,6/4/1993
13286,Tammy Abraham,Forward,England,190,2/10/1997
13549,Tosin Adarabioyo,Defender,England,196,24/09/1997
4852,Adrián,Goalkeeper,Spain,190,3/1/1987
11357,Adrien Silva,Midfielder,Portugal,171,15/03/1989
4040,Benik Afobe,Forward,DR Congo,183,12/2/1993
4328,Sergio Agüero,Forward,Argentina,173,2/6/1988
10559,Daniel Agyei,Forward,England,183,1/6/1997
24695,Soufyan Ahannach,Midfielder,Netherlands,179,9/9/1995
10439,Ola Aina,Defender,Nigeria,184,8/10/1996
4499,Nathan Aké,Defender,Netherlands,180,18/02/1995
4482,Chuba Akpom,Forward,England,183,9/10/1995
3564,Marc Albrighton,Midfielder,England,175,18/11/1989
4916,Toby Alderweireld,Defender,Belgium,186,2/3/1989
5879,Aleksandar Mitrovic,Forward,Serbia,189,16/09/1994
14732,Trent Alexander-Arnold,Defender,England,175,7/10/1998
55603,Ali Koiki,Defender,England,,22/08/1999
20559,Alisson,Goalkeeper,Brazil,191,2/10/1992
9167,Dele Alli,Midfielder,England,188,11/4/1996
54312,Miguel Almirón,Midfielder,Paraguay,174,10/2/1994
4093,Marcos Alonso,Defender,Spain,188,28/12/1990
14743,Paulo Alves,Midfielder,Portugal,176,25/12/1997
12306,Daniel Amartey,Defender,Ghana,186,21/12/1994
15128,Luke Amos,Midfielder,England,179,23/02/1997
19731,Ethan Ampadu,Defender,Wales,183,14/09/2000
37587,Florin Andone,Forward,Romania,180,11/4/1993
5061,André Gomes,Midfielder,Portugal,188,30/07/1993
10476,Andreas Pereira,Midfielder,Brazil,178,1/1/1996
14830,Angel Gomes,Midfielder,England,161,31/08/2000
9595,Michail Antonio,Forward,Jamaica,180,28/03/1990
51667,Billy Arce,Midfielder,Ecuador,178,12/7/1998
15239,Daniel Armstrong,Midfielder,Scotland,175,11/10/1997
4823,Marko Arnautovic,Forward,Austria,192,19/04/1989
11373,Kepa Arrizabalaga,Goalkeeper,Spain,189,3/10/1994
8050,Harry Arter,Midfielder,Ireland,176,28/12/1989
14803,Daniel Arzani,Forward,Australia,171,4/1/1999
14945,Benny Ashley-Seal,Forward,England,,21/11/1998
4859,Christian Atsu,Midfielder,Ghana,165,10/1/1992
5110,Pierre-Emerick Aubameyang,Forward,Gabon,187,18/06/1989
11293,Serge Aurier,Defender,Cote D’Ivoire,176,24/12/1992
9468,Charlie Austin,Forward,England,188,5/7/1989
15340,Taiwo Awoniyi,Forward,Nigeria,183,12/8/1997
5595,Jordan Ayew,Forward,Ghana,182,11/9/1991
19606,Floyd Ayité,Forward,Togo,175,15/12/1988
4496,César Azpilicueta,Defender,Spain,178,28/08/1989
3413,Ryan Babel,Midfielder,Netherlands,185,19/12/1986
9762,Daniel Bachmann,Goalkeeper,Austria,191,9/7/1994
4721,Leandro Bacuna,Midfielder,Curacao,187,21/08/1991
12937,Eric Bailly,Defender,Cote D’Ivoire,187,12/4/1994
3030,Leighton Baines,Defender,England,170,11/12/1984
11260,Tiemoué Bakayoko,Midfielder,France,185,17/08/1994
4749,Lewis Baker,Midfielder,England,182,25/04/1995
32435,Fabián Balbuena,Defender,Paraguay,188,23/08/1991
4711,Sam Baldock,Forward,England,170,15/03/1989
20183,Leon Balogun,Defender,Nigeria,190,28/06/1988
63655,Tudor Baluta,Defender,Romania,192,27/03/1999
7500,Sol Bamba,Defender,Cote D’Ivoire,190,13/01/1985
14623,Beni Baningime,Midfielder,DR Congo,178,9/9/1998
15288,Ben Barclay,Defender,England,,7/10/1996
2517,Phil Bardsley,Defender,Scotland,180,28/06/1985
4115,Ross Barkley,Midfielder,England,189,5/12/1993
13590,Daniel Barlaser,Midfielder,England,184,18/01/1997
8246,Ashley Barnes,Forward,England,186,30/10/1989
49956,Antonio Barreca,Defender,Italy,180,18/03/1995
51435,Connor Barrett,Defender,England,,1/3/2002
7450,Michy Batshuayi,Forward,Belgium,184,2/10/1993
3988,Danny Batth,Defender,England,191,21/09/1990
19589,Jan Bednarek,Defender,Poland,189,12/4/1996
2537,Asmir Begovic,Goalkeeper,Bosnia & Herzegovina,199,20/06/1987
4474,Héctor Bellerín,Defender,Spain,178,19/03/1995
13490,Yohan Benalouane,Defender,Tunisia,185,28/03/1987
16671,Filip Benkovic,Defender,Croatia,194,13/07/1997
3672,Joe Bennett,Defender,England,183,28/03/1990
14441,Josh Benson,Midfielder,England,175,5/12/1999
4492,Christian Benteke,Forward,Belgium,190,3/12/1990
50975,Adrián Bernabé,Midfielder,Spain,170,26/05/2001
5907,Bernard,Forward,Brazil,164,8/9/1992
23591,Bernardo,Defender,Brazil,186,14/05/1995
5067,Bernardo Silva,Midfielder,Portugal,173,10/8/1994
2886,Ryan Bertrand,Defender,England,179,5/8/1989
10451,Muhamed Besic,Midfielder,Bosnia & Herzegovina,180,10/9/1992
4511,Marcus Bettinelli,Goalkeeper,England,194,24/05/1992
8882,Philip Billing,Midfielder,Denmark,193,11/6/1996
50245,Yves Bissouma,Midfielder,Mali,182,30/08/1996
4888,Daley Blind,Defender,Netherlands,180,9/3/1990
24299,Jack Bodenham,Defender,Wales,,29/09/1999
10441,Jérémie Boga,Forward,Cote D’Ivoire,172,3/1/1997
3348,Ádám Bogdán,Goalkeeper,Hungary,193,27/09/1987
13468,Omar Bogle,Forward,England,187,26/07/1992
21820,Joshua Bohui,Forward,England,180,3/3/1999
4763,Yannick Bolasie,Forward,DR Congo,188,24/05/1989
14793,Luke Bolton,Midfielder,England,174,7/10/1999
16204,Willy Boly,Defender,Cote D’Ivoire,195,3/2/1991
5721,Gaëtan Bong,Defender,Cameroon,187,25/04/1988
4601,Artur Boruc,Goalkeeper,Poland,193,20/02/1980
12584,Sofiane Boufal,Midfielder,Morocco,170,17/09/1993
23951,Jamie Bowden,Midfielder,Ireland,,9/7/2001
4158,Robbie Brady,Midfielder,Ireland,176,14/01/1992
5810,Claudio Bravo,Goalkeeper,Chile,184,13/04/1983
14742,Rhian Brewster,Forward,England,180,1/4/2000
1926,Brian Murphy,Goalkeeper,Ireland,183,7/5/1983
5668,Miguel Britos,Defender,Uruguay,188,17/07/1985
14636,Nathan Broadhead,Forward,Wales,178,5/4/1998
13706,David Brooks,Midfielder,Wales,173,8/7/1997
32845,Ciaron Brown,Defender,Northern Ireland,185,14/01/1998
8162,Bruno,Defender,Spain,181,1/10/1980
8185,Joe Bryan,Defender,England,173,17/09/1993
8584,Craig Bryson,Midfielder,Scotland,170,6/11/1986
23695,Marcin Bulka,Goalkeeper,Poland,199,4/10/1999
15424,Harry Burgoyne,Goalkeeper,England,195,28/12/1996
9982,Reece Burke,Defender,England,189,2/9/1996
8707,Dan Burn,Defender,England,198,9/5/1992
11965,Matt Butcher,Midfielder,England,188,14/05/1997
3505,David Button,Goalkeeper,England,191,27/02/1989
25435,Oskar Buur,Defender,Denmark,180,31/03/1998
8945,Sam Byram,Defender,England,180,16/09/1993
10466,Willy Caballero,Goalkeeper,Argentina,186,28/09/1981
4341,Yohan Cabaye,Midfielder,France,174,14/01/1986
2620,Gary Cahill,Defender,England,193,19/12/1985
3894,Tom Cairney,Midfielder,Scotland,186,20/01/1991
9576,Dominic Calvert-Lewin,Forward,England,187,16/03/1997
22952,Víctor Camarasa,Midfielder,Spain,183,28/05/1994
4556,Lee Camp,Goalkeeper,Northern Ireland,183,22/08/1984
5001,Emre Can,Midfielder,Germany,186,12/1/1994
4843,Etienne Capoue,Midfielder,France,189,11/7/1988
9869,Baily Cargill,Defender,England,189,5/7/1995
1634,Michael Carrick,Midfielder,England,188,28/07/1981
15989,Guido Carrillo,Forward,Argentina,191,25/05/1991
3175,Andy Carroll,Forward,England,193,6/1/1989
13814,Cameron Carter-Vickers,Defender,United States,183,31/12/1997
19951,Lewis Cass,Defender,England,,27/02/2000
3160,Craig Cathcart,Defender,Northern Ireland,188,6/2/1989
2651,Petr Cech,Goalkeeper,Czech Republic,196,20/05/1982
11347,Cédric Soares,Defender,Portugal,172,31/08/1991
14575,Trevoh Chalobah,Defender,England,190,5/7/1999
4620,Calum Chambers,Defender,England,182,20/01/1995
4161,Chicharito,Forward,Mexico,175,1/6/1988
13491,Ben Chilwell,Defender,England,178,21/12/1996
13510,Pedro Chirivella,Midfielder,Spain,178,23/05/1997
20858,Tahith Chong,Forward,Netherlands,185,4/12/1999
13248,Hamza Choudhury,Midfielder,England,178,1/10/1997
19608,Chris Löwe,Defender,Germany,175,16/04/1989
4495,Andreas Christensen,Defender,Denmark,187,10/4/1996
8438,Cyrus Christie,Defender,Ireland,188,30/09/1992
14589,Isaac Christie-Davies,Midfielder,Wales,188,18/10/1997
7431,Ibrahima Cissé,Midfielder,Guinea,184,28/02/1994
3562,Ciaran Clark,Defender,Ireland,185,26/09/1989
3448,Tom Cleverley,Midfielder,England,175,12/8/1989
4604,Nathaniel Clyne,Defender,England,175,5/4/1991
4136,Conor Coady,Midfielder,England,185,25/02/1993
3600,Séamus Coleman,Defender,Ireland,177,11/10/1988
14549,Will Collar,Midfielder,England,181,3/2/1997
14567,Bradley Collins,Goalkeeper,England,184,18/02/1997
21653,Aaron Connolly,Forward,Ireland,,28/01/2000
8045,Steve Cook,Defender,England,185,19/04/1991
2889,Jack Cork,Midfielder,England,183,25/06/1989
4911,Thibaut Courtois,Goalkeeper,Belgium,199,11/5/1992
15211,Conor Coventry,Midfielder,Ireland,177,25/03/2000
14335,Cameron Coxe,Defender,Wales,185,18/12/1998
8897,Aaron Cresswell,Defender,England,170,15/12/1989
1629,Peter Crouch,Forward,England,201,30/01/1981
13716,Cuco Martina,Defender,Curacao,185,25/09/1989
5174,Cristián Cuevas,Defender,Chile,173,2/4/1995
10539,Josh Cullen,Midfielder,Ireland,175,7/4/1996
14565,Jamie Cumming,Goalkeeper,England,186,4/9/1999
3906,Greg Cunningham,Defender,Ireland,183,31/01/1991
33158,Pontus Dahlberg,Goalkeeper,Sweden,194,21/01/1999
24679,James Daly,Forward,England,,12/1/2000
23520,Loïc Damour,Midfielder,France,180,8/1/1991
3242,Charlie Daniels,Defender,England,178,7/9/1986
5328,Danilo,Defender,Brazil,184,15/07/1991
3807,Scott Dann,Defender,England,188,14/02/1987
9251,Karl Darlow,Goalkeeper,England,190,8/10/1990
12854,Matteo Darmian,Defender,Italy,182,2/12/1989
14457,Josh Dasilva,Midfielder,England,184,23/10/1998
4100,David Luiz,Defender,Brazil,189,22/04/1987
13389,Tom Davies,Midfielder,England,180,30/06/1998
2423,Steven Davis,Midfielder,Northern Ireland,173,1/1/1985
4288,Kevin De Bruyne,Midfielder,Belgium,181,28/06/1991
8192,Bobby De Cordova-Reid,Forward,Jamaica,170,2/2/1993
4330,David de Gea,Goalkeeper,Spain,192,7/11/1990
14676,Luca de la Torre,Midfielder,United States,177,23/05/1998
9947,Troy Deeney,Forward,England,183,29/06/1988
1526,Jermain Defoe,Forward,England,171,7/10/1982
5345,Steven Defour,Midfielder,Belgium,173,15/04/1988
1911,Damien Delaney,Defender,Ireland,191,20/07/1981
3799,Fabian Delph,Midfielder,England,174,21/11/1989
4123,Mousa Dembélé,Midfielder,Belgium,185,16/07/1987
5866,Leander Dendoncker,Midfielder,Belgium,188,15/04/1995
14643,Alex Denny,Midfielder,England,186,12/4/2000
16747,Laurent Depoitre,Forward,Belgium,191,7/12/1988
13899,Sylvain Deslandes,Defender,France,178,25/04/1997
4777,Gerard Deulofeu,Forward,Spain,177,13/03/1994
32936,Fousseni Diabaté,Forward,Mali,175,18/10/1995
24253,Adama Diakhaby,Forward,France,184,5/7/1996
3982,Mohamed Diamé,Midfielder,Senegal,184,14/06/1987
15199,Grady Diangana,Midfielder,England,180,19/04/1998
14800,Brahim Díaz,Forward,Spain,171,3/8/1999
3642,Diego Cavalieri,Goalkeeper,Brazil,189,1/12/1982
4112,Eric Dier,Defender,England,188,15/01/1994
5758,Lucas Digne,Defender,France,178,20/07/1993
24252,Diogo Dalot,Defender,Portugal,183,18/03/1999
19758,Diogo Jota,Forward,Portugal,178,4/12/1996
49884,Issa Diop,Defender,France,194,9/1/1997
5577,Brice Dja Djédjé,Defender,Cote D’Ivoire,170,23/12/1990
26556,Mihai-Alexandru Dobre,Midfielder,Romania,185,30/08/1998
4229,Matt Doherty,Defender,Ireland,182,16/01/1992
19678,Domingos Quina,Midfielder,Portugal,179,18/11/1999
13823,Abdoulaye Doucouré,Midfielder,Mali,184,1/1/1993
16347,Barry Douglas,Defender,Scotland,176,4/9/1989
24626,Douglas Luiz,Midfielder,Brazil,175,9/5/1998
10455,Kieran Dowell,Midfielder,England,175,10/10/1997
14442,Vlad Dragomir,Midfielder,Romania,178,24/04/1999
6362,Aleksandar Dragovic,Defender,Austria,186,6/3/1991
13340,Luke Dreher,Midfielder,England,184,27/11/1998
3670,Danny Drinkwater,Midfielder,England,178,5/3/1990
23810,Anthony Driscoll-Glennon,Defender,England,181,26/11/1999
6451,Martin Dúbravka,Goalkeeper,Slovakia,190,15/01/1989
3601,Shane Duffy,Defender,Ireland,193,1/1/1992
14771,Demeaco Duhaney,Defender,England,180,13/10/1998
23738,Stephen Duke-McKenna,Midfielder,Guyana,,17/08/2000
4340,Paul Dummett,Defender,Wales,183,26/09/1991
8163,Lewis Dunk,Defender,England,192,21/11/1991
5097,Erik Durm,Defender,Germany,182,12/5/1992
4231,Ethan Ebanks-Landell,Defender,England,188,16/12/1992
10633,Bruno Ecuele Manga,Defender,Gabon,186,16/07/1988
12707,Ederson,Goalkeeper,Brazil,188,17/08/1993
24347,Rarmani Edmonds-Green,Defender,England,,14/01/1999
12265,Eduardo,Goalkeeper,Portugal,187,19/09/1982
14658,Tayo Edun,Midfielder,England,170,14/05/1998
14753,Ovie Ejaria,Midfielder,England,183,18/11/1997
8962,Callum Elder,Defender,Australia,180,27/01/1995
2214,Robert Elliot,Goalkeeper,Ireland,190,30/04/1986
33185,Harvey Elliott,Midfielder,England,170,4/4/2003
15967,Mohamed Elyounoussi,Midfielder,Norway,178,4/8/1994
16803,Emerson,Defender,Italy,176,3/8/1994
15258,Niall Ennis,Forward,England,180,20/05/1999
13903,Bright Enobakhare,Forward,Nigeria,178,8/2/1998
4845,Christian Eriksen,Midfielder,Denmark,182,14/02/1992
4120,Neil Etheridge,Goalkeeper,Philippines,188,7/2/1990
3156,Jonny Evans,Defender,Northern Ireland,188,3/1/1988
2934,Patrice Evra,Defender,France,174,15/05/1981
15123,Timothy Eyoma,Defender,England,183,29/01/2000
3309,Lukasz Fabianski,Goalkeeper,Poland,190,18/04/1985
11247,Fabinho,Midfielder,Brazil,188,23/10/1993
2417,Cesc Fàbregas,Midfielder,Spain,180,4/5/1987
19771,Fabri,Goalkeeper,Spain,184,31/12/1987
3182,Adam Federici,Goalkeeper,Australia,188,31/01/1985
7981,Liam Feeney,Midfielder,England,183,28/04/1986
6784,Felipe Anderson,Midfielder,Brazil,175,15/04/1993
19922,Felix Nmecha,Midfielder,Germany,188,10/10/2000
3604,Marouane Fellaini,Midfielder,Belgium,194,22/11/1987
22546,Kiko Femenía,Defender,Spain,176,2/2/1991
15759,Edimilson Fernandes,Midfielder,Switzerland,187,15/04/1996
5672,Federico Fernández,Defender,Argentina,190,21/02/1989
4804,Fernandinho,Midfielder,Brazil,179,4/5/1985
4129,Jon Flanagan,Defender,England,181,1/1/1993
10500,Jake Flannigan,Midfielder,England,180,2/2/1996
14805,Phil Foden,Midfielder,England,171,28/05/2000
14298,Michael Folivi,Forward,England,180,25/02/1998
3170,Fraser Forster,Goalkeeper,England,201,17/03/1988
14659,Marlon Fossey,Defender,United States,180,9/9/1998
2932,Ben Foster,Goalkeeper,England,193,3/4/1983
13561,Timothy Fosu-Mensah,Defender,Netherlands,185,2/1/1998
25292,Dimitri Foulquier,Defender,Guadeloupe,183,23/03/1993
25309,Juan Foyth,Defender,Argentina,179,12/1/1998
8044,Simon Francis,Defender,England,183,16/02/1985
24704,Tyrese Francois,Midfielder,Australia,166,16/07/2000
8052,Ryan Fraser,Midfielder,Scotland,163,24/02/1994
5906,Fred,Midfielder,Brazil,169,5/3/1993
3958,Ryan Fredericks,Defender,England,181,10/10/1992
5371,Christian Fuchs,Defender,Austria,187,7/4/1986
12639,Manolo Gabbiadini,Forward,Italy,181,26/11/1991
19680,Gabriel Jesus,Forward,Brazil,175,3/4/1997
9650,Sam Gallagher,Forward,England,194,15/09/1995
3868,Luke Garbutt,Defender,England,179,21/05/1993
12946,Aleix García,Midfielder,Spain,173,28/06/1997
23841,James Garner,Midfielder,England,186,13/03/2001
21964,Benjamín Garré,Midfielder,Argentina,172,11/7/2000
4771,Dwight Gayle,Forward,England,174,17/10/1989
4600,Paulo Gazzaniga,Goalkeeper,Argentina,196,2/1/1992
15146,Anthony Georgiou,Midfielder,Cyprus,179,24/02/1997
6889,Rachid Ghezzal,Midfielder,Algeria,182,9/5/1992
15259,Morgan Gibbs-White,Midfielder,England,171,27/01/2000
9117,Ben Gibson,Defender,England,185,15/01/1993
20081,Ryan Giles,Midfielder,England,179,26/01/2000
14453,Charlie Gilmour,Midfielder,Scotland,171,11/2/1999
4481,Olivier Giroud,Forward,France,192,30/09/1986
20179,Paul Gladon,Forward,Netherlands,188,18/03/1992
9634,Connor Goldson,Defender,England,191,18/12/1992
50989,Claudio Gomes,Midfielder,France,164,23/07/2000
10651,Joseph Gomez,Defender,England,188,23/05/1997
23747,Anthony Gordon,Forward,England,,24/02/2001
3390,Dan Gosling,Midfielder,England,183,1/2/1990
19622,Frédéric Gounongbe,Forward,Benin,191,1/5/1988
19909,Kamil Grabara,Goalkeeper,Poland,195,8/1/1999
8055,Lewis Grabban,Forward,England,183,12/1/1988
10146,Jordan Graham,Midfielder,England,182,5/3/1995
10654,Karlan Grant,Forward,England,180,18/09/1997
7946,Demarai Gray,Forward,England,180,28/06/1996
2758,Robert Green,Goalkeeper,England,187,18/01/1980
25266,Mason Greenwood,Forward,England,181,1/10/2001
14766,Daniel Grimshaw,Goalkeeper,England,185,16/01/1998
22542,Pascal Groß,Midfielder,Germany,181,15/06/1991
13985,Marko Grujic,Midfielder,Serbia,191,13/04/1996
7548,Vicente Guaita,Goalkeeper,Spain,190,10/1/1987
6210,Jóhann Gudmundsson,Midfielder,Iceland,186,27/10/1990
14569,Marc Guéhi,Defender,England,182,13/07/2000
50512,Mattéo Guendouzi,Midfielder,France,185,14/04/1999
5101,Ilkay Gündogan,Midfielder,Germany,180,24/10/1990
15269,Angus Gunn,Goalkeeper,England,196,22/01/1996
4736,Aron Gunnarsson,Midfielder,Iceland,178,22/04/1989
32728,Viktor Gyökeres,Forward,Sweden,187,4/6/1998
12173,Florent Hadergjonaj,Defender,Kosovo,182,31/07/1994
4545,Massadio Haïdara,Defender,Mali,179,2/12/1992
24839,Sead Haksabanovic,Midfielder,Montenegro,173,4/5/1999
3192,Gregory Halford,Defender,England,193,8/12/1984
3183,Ben Hamer,Goalkeeper,England,192,20/11/1987
14835,Ethan Hamilton,Midfielder,Scotland,187,18/10/1998
14875,Nathan Harker,Goalkeeper,England,,5/11/1998
4856,Kadeem Harris,Midfielder,England,175,8/6/1993
33135,Jack Harrison,Midfielder,England,175,20/11/1996
3143,Joe Hart,Goalkeeper,England,196,19/04/1987
10000,Kortney Hause,Midfielder,England,191,16/07/1995
4713,Isaac Hayden,Midfielder,England,185,22/03/1995
4503,Eden Hazard,Forward,Belgium,175,7/1/1991
4743,Rhys Healey,Forward,England,180,6/12/1994
2933,Tom Heaton,Goalkeeper,England,188,15/04/1986
4582,Michael Hector,Defender,Jamaica,193,19/07/1992
19609,Michael Hefele,Defender,Germany,192,1/9/1990
5064,Hélder Costa,Forward,Angola,178,12/1/1994
13234,Tomer Hemed,Forward,Israel,186,2/5/1987
3712,Jordan Henderson,Midfielder,England,182,17/06/1990
8586,Jeff Hendrick,Midfielder,Ireland,185,31/01/1992
2569,Wayne Hennessey,Goalkeeper,Wales,198,24/01/1987
10855,Dion Henry,Goalkeeper,England,180,12/9/1997
10475,Ander Herrera,Midfielder,Spain,182,14/08/1989
10501,Jake Hesketh,Midfielder,England,168,27/03/1996
3719,Heurelho Gomes,Goalkeeper,Brazil,191,15/02/1981
14619,Mateusz Hewelt,Goalkeeper,Poland,186,23/09/1996
5698,Gonzalo Higuaín,Forward,Argentina,186,10/12/1987
10949,Jordy Hiwula-Mayifuila,Forward,England,178,21/09/1994
21691,Shaun Hobson,Defender,England,,29/06/1998
6194,Wesley Hoedt,Defender,Netherlands,188,6/3/1994
52951,Ki-Jana Hoever,Midfielder,Netherlands,180,18/01/2002
3801,Jonathan Hogg,Midfielder,England,170,6/12/1988
3823,Junior Hoilett,Midfielder,Canada,173,5/6/1990
11575,Rob Holding,Defender,England,189,20/09/1995
5713,José Holebas,Defender,Greece,184,27/06/1984
10564,Mason Holgate,Defender,England,184,22/10/1996
14637,Nathan Holland,Midfielder,England,178,19/06/1998
8340,Tareiq Holmes-Dennis,Defender,England,175,31/10/1995
23744,Fraser Hornby,Forward,Scotland,195,13/09/1999
23702,Callum Hudson-Odoi,Forward,England,182,7/11/2000
24625,Sam Hughes,Defender,England,,15/04/1997
9417,Jordan Hugill,Forward,England,183,4/6/1992
13550,Cameron Humphreys-Grant,Defender,England,185,22/08/1998
14341,Lloyd Humphries,Midfielder,Wales,,3/10/1997
13229,Uwe Hünemeier,Defender,Germany,189,9/1/1986
15292,Des Hutchinson,Midfielder,Ireland,,5/12/1996
2053,Robert Huth,Defender,Germany,191,18/08/1984
10734,Emerson Hyndman,Midfielder,United States,170,9/4/1996
5272,Pierre-Emile Højbjerg,Midfielder,Denmark,187,5/8/1995
4527,Jordon Ibe,Forward,England,176,8/12/1995
7234,Vicente Iborra,Midfielder,Spain,190,16/01/1988
12582,Idrissa Gueye,Midfielder,Senegal,174,26/09/1989
13554,Kelechi Iheanacho,Forward,Nigeria,185,3/10/1996
2570,Carl Ikeme,Goalkeeper,Nigeria,188,8/6/1986
10542,Dejan Iliev,Goalkeeper,North Macedonia,195,25/02/1995
4284,Rohan Ince,Midfielder,England,191,8/11/1992
8245,Danny Ings,Forward,England,178,23/07/1992
4760,Ryan Inniss,Defender,England,196,5/6/1995
5079,Ivan Cavaleiro,Forward,Portugal,175,18/10/1993
4717,Alexander Iwobi,Forward,Nigeria,180,3/5/1996
12212,José Izquierdo,Forward,Colombia,171,7/7/1992
33056,Jaroslaw Jach,Defender,Poland,192,17/02/1994
49150,Ben Jackson,Defender,England,,22/02/2001
3222,Phil Jagielka,Defender,England,180,17/08/1982
15480,Alireza Jahanbakhsh,Forward,Iran,180,11/8/1993
4786,Eldin Jakupovic,Goalkeeper,Switzerland,191,2/10/1984
3669,Matty James,Midfielder,England,181,22/07/1991
10480,Daryl Janmaat,Defender,Netherlands,185,22/07/1989
15481,Vincent Janssen,Forward,Netherlands,180,15/06/1994
4248,Carl Jenkinson,Defender,England,185,8/2/1992
14655,Moritz Jenz,Defender,Germany,190,30/04/1999
11070,Jesús Gámez,Defender,Spain,177,10/4/1985
4506,Jiang Guangtai,Defender,China,181,27/05/1994
11071,Raúl Jiménez,Forward,Mexico,190,5/5/1991
11355,João Mário,Midfielder,Portugal,179,19/01/1993
11259,João Moutinho,Midfielder,Portugal,170,8/9/1986
14428,João Virgínia,Goalkeeper,Portugal,198,10/10/1999
13556,Joel Pereira,Goalkeeper,Portugal,188,28/06/1996
5154,Stefan Johansen,Midfielder,Norway,182,8/1/1991
4732,Declan John,Defender,Wales,178,30/06/1995
19880,Tyreece John-Jules,Forward,England,183,14/02/2001
14696,Darnell Johnson,Defender,England,,3/9/1998
45519,George Johnston,Defender,Scotland,181,1/9/1998
4331,Sam Johnstone,Goalkeeper,England,193,25/03/1993
15122,Jonathan Dinzeyi,Defender,England,,13/10/1999
23815,Curtis Jones,Midfielder,England,185,30/01/2001
20277,Jonny,Defender,Spain,175,3/3/1994
13192,Corey Jordan,Defender,England,185,4/3/1999
14359,Jordan Williams,Defender,England,179,22/10/1999
5682,Jorginho,Midfielder,Italy,180,20/12/1991
6425,Joselu,Forward,Spain,192,27/03/1990
15687,Juninho Bacuna,Midfielder,Curacao,178,7/8/1997
19605,Christian Kabasele,Defender,Belgium,187,24/02/1991
3508,Younes Kaboul,Defender,France,193,4/1/1986
19611,Elias Kachunga,Forward,DR Congo,178,22/04/1992
10191,Sullay Kaikai,Forward,Sierra Leone,182,26/08/1995
14678,Mattias Käit,Midfielder,Estonia,186,29/06/1998
4101,Tomas Kalas,Defender,Czech Republic,183,15/05/1993
11267,Aboubakar Kamara,Forward,Mauritania,177,7/3/1995
14750,Herbie Kane,Midfielder,England,177,23/11/1998
13492,N'Golo Kanté,Midfielder,France,168,29/03/1991
19679,Bartosz Kapustka,Midfielder,Poland,179,23/12/1996
19600,Loris Karius,Goalkeeper,Germany,189,22/06/1993
25311,Orestis Karnezis,Goalkeeper,Greece,189,11/7/1985
5156,Beram Kayal,Midfielder,Israel,178,2/5/1988
20383,Olarenwaju Kayode,Forward,Nigeria,176,8/5/1993
4333,Michael Keane,Defender,England,191,11/1/1993
20178,Neeskens Kebano,Midfielder,DR Congo,170,10/3/1992
12316,Naby Keïta,Midfielder,Guinea,172,10/2/1995
14723,Caoimhin Kelleher,Goalkeeper,Ireland,178,23/11/1998
3644,Martin Kelly,Defender,England,191,27/04/1990
13285,Kenedy,Forward,Brazil,182,8/2/1996
4508,Matthew Kennedy,Midfielder,Northern Ireland,175,1/11/1994
10449,Jonjoe Kenny,Defender,England,176,15/03/1997
13509,Ryan Kent,Forward,England,172,11/11/1996
4656,Ki Sung-Yeung,Midfielder,South Korea,189,24/01/1989
13522,Maximilian Kilman,Defender,England,,23/05/1997
3926,Joshua King,Forward,Norway,180,15/01/1992
15134,Nya Kirby,Midfielder,England,174,31/01/2000
4886,Davy Klaassen,Midfielder,Netherlands,179,21/02/1993
15608,Ragnar Klavan,Defender,Estonia,187,30/10/1985
14693,Josh Knight,Defender,England,185,7/9/1997
8982,Anthony Knockaert,Midfielder,France,172,20/11/1991
5368,Sead Kolasinac,Defender,Bosnia & Herzegovina,183,20/06/1993
3653,Vincent Kompany,Defender,Belgium,193,10/4/1986
12359,Terence Kongolo,Defender,Netherlands,188,14/02/1994
4030,Laurent Koscielny,Defender,France,186,10/9/1985
5861,Cheikhou Kouyaté,Midfielder,Senegal,189,21/12/1989
12520,Mateo Kovacic,Midfielder,Croatia,178,6/5/1994
35733,Matej Kovár,Goalkeeper,Czech Republic,184,17/05/2000
3169,Tim Krul,Goalkeeper,Netherlands,188,3/4/1988
6899,Alexandre Lacazette,Forward,France,175,28/05/1991
4618,Adam Lallana,Midfielder,England,172,10/5/1988
4842,Erik Lamela,Midfielder,Argentina,181,4/3/1992
13872,Manuel Lanzini,Midfielder,Argentina,167,15/02/1993
11044,Aymeric Laporte,Defender,Spain,191,27/05/1994
9257,Jamaal Lascelles,Defender,England,188,11/11/1993
14642,Shayne Lavery,Forward,Northern Ireland,,8/12/1998
20180,Achraf Lazaar,Defender,Morocco,184,22/01/1992
20503,Maxime Le Marchand,Defender,France,185,11/10/1989
3830,Lee Chung-Yong,Midfielder,South Korea,180,2/7/1988
2852,Adam Legzdins,Goalkeeper,England,190,28/11/1986
16607,Florian Lejeune,Defender,France,189,20/05/1991
5583,Mario Lemina,Midfielder,Gabon,184,1/9/1993
2270,Aaron Lennon,Midfielder,England,165,16/04/1987
4985,Bernd Leno,Goalkeeper,Germany,190,4/3/1992
12299,Léo Bonatini,Forward,Brazil,185,28/03/1994
37776,Jefferson Lerma,Midfielder,Colombia,179,25/10/1994
23784,Thakgalo Leshabela,Midfielder,South Africa,175,18/09/1999
14982,Harry Lewis,Goalkeeper,England,191,20/12/1997
10766,Lewis Cook,Midfielder,England,175,3/2/1997
5520,Stephan Lichtsteiner,Defender,Switzerland,182,16/01/1984
4154,Anders Lindegaard,Goalkeeper,Denmark,193,13/04/1984
5066,Victor Lindelöf,Defender,Sweden,187,17/07/1994
4337,Jesse Lingard,Midfielder,England,175,15/12/1992
5551,Fernando Llorente,Forward,Spain,193,26/02/1985
4664,Hugo Lloris,Goalkeeper,France,188,26/12/1986
7124,Jürgen Locadia,Forward,Netherlands,187,7/11/1993
5179,Ruben Loftus-Cheek,Midfielder,England,191,23/01/1996
14168,Jason Lokilo,Midfielder,DR Congo,175,17/09/1998
3837,Kevin Long,Defender,Ireland,188,18/08/1990
14897,Sean Longstaff,Midfielder,England,180,30/10/1997
13278,Ademola Lookman,Forward,Nigeria,174,20/10/1997
12444,Jonas Lössl,Goalkeeper,Denmark,195,1/2/1989
4813,Dejan Lovren,Defender,Croatia,188,5/7/1989
4487,Matthew Lowton,Defender,England,180,9/6/1989
23759,Luca Ashby-Hammond,Goalkeeper,England,,25/03/2001
5762,Lucas Moura,Forward,Brazil,172,13/08/1992
63634,Lucas Perri,Goalkeeper,Brazil,194,10/12/1997
4289,Lucas Piazón,Midfielder,Brazil,182,20/01/1994
4290,Romelu Lukaku,Forward,Belgium,190,13/05/1993
16088,Dodi Lukébakio,Forward,Belgium,187,24/09/1997
14170,Levi Lumeka,Forward,England,170,5/9/1998
63633,Alexis Mac Allister,Midfielder,Argentina,176,24/12/1998
10422,Matt Macey,Goalkeeper,England,205,9/9/1994
8456,James Maddison,Midfielder,England,175,23/11/1996
8335,Gary Madine,Forward,England,193,24/08/1990
13228,Niki Mäenpää,Goalkeeper,Finland,190,23/01/1985
13987,Pablo Maffeo,Defender,Spain,172,12/7/1997
23946,Paris Maghoma,Midfielder,England,,8/5/2001
9566,Harry Maguire,Defender,England,194,5/3/1993
7985,Connor Mahoney,Midfielder,England,175,12/2/1997
8983,Riyad Mahrez,Forward,Algeria,179,21/02/1991
10428,Ainsley Maitland-Niles,Midfielder,England,177,29/08/1997
15418,Moses Makasi,Midfielder,England,,22/09/1995
3995,Scott Malone,Defender,England,189,25/03/1991
6519,Sadio Mané,Forward,Senegal,175,10/4/1992
5334,Eliaquim Mangala,Defender,France,188,13/02/1991
4918,Javier Manquillo,Defender,Spain,178,5/5/1994
22548,Marcelo Djaló,Defender,Guinea-Bissau,193,8/10/1993
8171,Solly March,Midfielder,England,180,20/07/1994
3251,Adrian Mariappa,Defender,Jamaica,180,3/10/1986
5078,Lazar Markovic,Midfielder,Serbia,175,2/3/1994
2359,Dean Marney,Midfielder,England,183,31/01/1984
15136,George Marsh,Midfielder,England,178,5/11/1998
3945,Ben Marshall,Midfielder,England,183,29/03/1991
11272,Anthony Martial,Forward,France,181,5/12/1995
4245,Emiliano Martínez,Goalkeeper,Argentina,195,2/9/1992
49992,Adam Masina,Defender,Morocco,189,2/1/1994
19677,Brandon Mason,Defender,England,173,30/09/1997
13932,Ntumba Massanka,Midfielder,England,191,30/11/1996
13508,Conor Masterson,Defender,Ireland,,8/9/1998
11284,Arthur Masuaku,Defender,DR Congo,179,7/11/1993
4287,Juan Mata,Midfielder,Spain,170,28/04/1988
3861,Nemanja Matic,Midfielder,Serbia,194,1/8/1988
5375,Joel Matip,Defender,Cameroon,195,8/8/1991
23827,Rabbi Matondo,Forward,Wales,175,9/9/2000
32638,Konstantinos Mavropanos,Defender,Greece,194,11/12/1997
9960,Alfie Mawson,Defender,England,189,19/01/1994
5850,Chancel Mbemba,Defender,DR Congo,182,8/8/1994
20646,Isaac Mbenza,Forward,Belgium,187,8/3/1996
4224,James McArthur,Midfielder,Scotland,178,7/10/1987
3979,James McCarthy,Midfielder,Ireland,180,12/11/1990
3844,Kevin McDonald,Midfielder,Scotland,192,4/11/1988
14587,George McEachran,Midfielder,England,172,30/08/2000
4785,Allan McGregor,Goalkeeper,Scotland,183,31/01/1982
24797,Dwight McNeil,Midfielder,England,183,22/11/1999
9649,Sam McQueen,Midfielder,England,180,6/2/1995
14824,Scott McTominay,Midfielder,Scotland,193,8/12/1996
21958,Zech Medley,Defender,England,195,9/7/2000
3909,Ben Mee,Defender,England,180,21/09/1989
21189,Ibrahim Meite,Forward,England,188,29/07/1996
4006,Nathaniel Mendez-Laing,Midfielder,England,180,15/04/1992
19617,Nampalys Mendy,Midfielder,Senegal,167,23/06/1992
14063,Chris Mepham,Defender,Wales,191,5/11/1997
19778,Mikel Merino,Midfielder,Spain,188,22/06/1996
4246,Per Mertesacker,Defender,Germany,198,29/09/1984
5377,Max Meyer,Midfielder,Germany,173,18/09/1995
13280,Matt Miazga,Defender,United States,191,19/07/1995
4179,Simon Mignolet,Goalkeeper,Belgium,193,6/3/1988
5859,Luka Milivojevic,Midfielder,Serbia,186,7/4/1991
2100,James Milner,Midfielder,England,175,4/1/1986
32923,Yerry Mina,Defender,Colombia,195,23/09/1994
8900,Tyrone Mings,Defender,England,196,13/03/1993
14822,Demetri Mitchell,Defender,England,181,11/1/1997
5102,Henrikh Mkhitaryan,Midfielder,Armenia,177,21/01/1989
21774,Jan Mlakar,Forward,Slovenia,183,23/10/1998
5239,Mohamed Elneny,Midfielder,Egypt,180,11/7/1992
5178,Mohamed Salah,Forward,Egypt,175,15/06/1992
15293,Jayson Molumby,Midfielder,Ireland,,6/8/1999
4955,Martín Montoya,Defender,Spain,175,14/04/1991
14698,Elliott Moore,Defender,England,,16/03/1997
19619,Aaron Mooy,Midfielder,Australia,174,15/09/1990
5804,Álvaro Morata,Forward,Spain,190,23/10/1992
7219,Alberto Moreno,Defender,Spain,171,5/7/1992
8966,Wes Morgan,Defender,Jamaica,186,21/01/1984
13387,Ramiro Mori,Defender,Argentina,186,5/3/1991
4577,Sean Morrison,Defender,England,193,8/1/1991
3983,Victor Moses,Midfielder,Nigeria,177,12/12/1990
22570,Steve Mounié,Forward,Benin,190,29/09/1994
19603,Lys Mousset,Forward,France,184,8/2/1996
15118,Joy Mukena,Defender,England,,3/7/1999
19911,Arijanet Muric,Goalkeeper,Kosovo,198,7/11/1998
4561,Josh Murphy,Midfielder,England,173,24/02/1995
4772,Glenn Murray,Forward,England,183,25/09/1983
5208,Ahmed Musa,Forward,Nigeria,171,14/10/1992
11147,Charly Musonda,Midfielder,Belgium,173,15/10/1996
3869,Shkodran Mustafi,Defender,Germany,184,17/04/1992
20196,Yoshinori Muto,Forward,Japan,179,15/07/1992
4645,Alfred N'Diaye,Midfielder,Senegal,193,6/3/1990
4472,Nacho Monreal,Defender,Spain,179,26/02/1986
3546,Samir Nasri,Midfielder,France,175,26/06/1987
22651,Marc Navarro,Defender,Spain,188,2/7/1995
20479,Wilfred Ndidi,Midfielder,Nigeria,183,16/12/1996
14270,Mikael Ndjoli,Forward,England,183,16/12/1998
20708,Didier Ndong,Midfielder,Gabon,179,17/06/1994
14712,Layton Ndukwu,Forward,England,177,7/9/1998
14450,Reiss Nelson,Forward,England,175,10/12/1999
15184,Vashon Neufville,Defender,England,173,18/07/1999
13390,Oumar Niasse,Forward,Senegal,182,18/04/1990
14451,Eddie Nketiah,Forward,England,175,30/05/1999
15938,Georges-Kévin Nkoudou,Midfielder,France,172,13/02/1995
14807,Lukas Nmecha,Forward,Germany,185,14/12/1998
3014,Mark Noble,Midfielder,England,180,8/5/1987
3316,Håvard Nordtveit,Defender,Norway,188,21/06/1990
14647,Magnus Norman,Goalkeeper,England,192,19/01/1997
23556,Mathias Normann,Midfielder,Norway,179,28/05/1996
8293,Will Norris,Goalkeeper,England,195,12/8/1993
3924,Oliver Norwood,Midfielder,Northern Ireland,180,12/4/1991
24353,Lewis O'Brien,Midfielder,England,173,14/10/1998
13584,Kieran O'Hara,Goalkeeper,Ireland,191,22/04/1996
4765,Stuart O'Keefe,Midfielder,England,173,4/3/1991
14671,Matt O'Riley,Midfielder,Denmark,,21/11/2000
15140,Tashan Oakley-Boothe,Midfielder,England,182,14/02/2000
21532,Michael Obafemi,Forward,Ireland,169,6/7/2000
13871,Pedro Obiang,Midfielder,Equatorial Guinea,185,27/03/1992
12536,Denis Odoi,Defender,Ghana,178,27/05/1988
50463,Nnamdi Ofoborh,Midfielder,Nigeria,175,7/11/1999
22052,Phil Ofosu-Ayeh,Defender,Ghana,181,15/09/1991
19927,Nathanael Ogbeta,Defender,England,,28/04/2001
5514,Angelo Ogbonna,Defender,Italy,191,23/05/1988
10543,Sheyi Ojo,Midfielder,England,177,19/06/1997
3889,Stefano Okaka,Forward,Italy,186,9/8/1989
13494,Shinji Okazaki,Forward,Japan,174,16/04/1986
20088,Prince Alban Oniangué,Midfielder,Congo,190,4/11/1988
23615,Henry Onyekuru,Forward,Nigeria,175,5/6/1997
10465,Divock Origi,Forward,Belgium,185,18/04/1995
14436,Jordi Osei-Tutu,Defender,England,176,2/10/1998
10420,David Ospina,Goalkeeper,Colombia,183,31/08/1988
6058,Nicolás Otamendi,Defender,Argentina,183,12/2/1988
10535,Reece Oxford,Defender,England,193,16/12/1998
4252,Alex Oxlade-Chamberlain,Midfielder,England,180,15/08/1993
4714,Mesut Özil,Midfielder,Germany,180,15/10/1988
13283,Kasey Palmer,Midfielder,Jamaica,175,9/11/1996
16467,Erik Palmer-Brown,Defender,United States,187,24/04/1997
4319,Costel Pantilimon,Goalkeeper,Romania,203,1/2/1987
5093,Sokratis Papastathopoulos,Defender,Greece,186,9/6/1988
10440,Mario Pasalic,Midfielder,Croatia,188,9/2/1995
13962,Josh Pask,Defender,England,187,1/11/1997
22046,Callum Paterson,Forward,Scotland,183,13/10/1994
9664,Jack Payne,Midfielder,England,165,25/10/1994
4972,Pedro,Forward,Spain,169,28/07/1987
3138,Lee Peltier,Defender,England,178,11/12/1986
13825,Adalberto Peñaranda,Forward,Venezuela,185,31/05/1997
9895,Matthew Pennington,Defender,England,185,6/10/1994
25513,Pedro Pereira,Midfielder,Portugal,173,28/06/1998
11213,Roberto Pereyra,Midfielder,Argentina,182,7/1/1991
7081,Lucas Pérez,Forward,Spain,180,10/9/1988
14051,Nathaniel Phillips,Defender,England,190,21/03/1997
4640,Jordan Pickford,Goalkeeper,England,185,7/3/1994
12463,Jérémy Pied,Defender,France,174,23/02/1989
4356,Anthony Pilkington,Midfielder,Ireland,180,6/6/1988
14433,Julio Pleguezuelo,Defender,Spain,180,26/01/1997
3920,Paul Pogba,Midfielder,France,191,15/03/1993
10079,Nick Pope,Goalkeeper,England,191,19/04/1992
24834,Pote,Midfielder,Portugal,173,28/06/1998
19929,Ian Poveda-Ocampo,Forward,England,165,9/2/2000
15200,Joe Powell,Midfielder,England,178,30/10/1998
19923,Iker Pozo,Midfielder,Spain,,6/8/2000
4433,Alex Pritchard,Midfielder,England,171,3/5/1993
13822,Sebastian Prödl,Defender,Austria,194,21/06/1987
16790,Davy Pröpper,Midfielder,Netherlands,185,2/9/1991
8049,Marc Pugh,Midfielder,England,180,2/4/1987
15559,Christian Pulisic,Midfielder,United States,172,18/09/1998
4084,Jason David Ian Puncheon,Midfielder,England,173,18/06/1986
21677,Collin Quaner,Forward,Germany,191,18/06/1991
16270,Rafa Mir,Forward,Spain,191,18/06/1997
23820,Rafael Camacho,Midfielder,Portugal,175,22/05/2000
11241,Erdal Rakip,Midfielder,North Macedonia,180,13/02/1996
10074,Joe Ralls,Midfielder,England,183,12/10/1993
19673,Ramadan Sobhi,Midfielder,Egypt,189,23/01/1997
11074,Sandro Ramírez,Forward,Spain,175,9/7/1995
24001,Kayne Ramsay,Defender,England,,10/10/2000
13703,Aaron Ramsdale,Goalkeeper,England,188,14/05/1998
3548,Aaron Ramsey,Midfielder,Wales,178,26/12/1990
13565,Marcus Rashford,Forward,England,180,31/10/1997
4276,Tim Ream,Defender,United States,186,5/10/1987
3811,Nathan Redmond,Midfielder,England,173,6/3/1994
4818,Harrison Reed,Midfielder,England,181,27/01/1995
4209,Winston Reid,Defender,New Zealand,190,3/7/1988
13123,Jeff Reine-Adélaïde,Midfielder,France,183,17/01/1998
5343,Ricardo Pereira,Defender,Portugal,175,6/10/1993
15202,Declan Rice,Midfielder,England,185,14/01/1999
4416,Jazz Richards,Defender,Wales,185,12/4/1991
24630,Richarlison,Forward,Brazil,184,10/5/1997
26076,Diego Rico,Defender,Spain,183,23/02/1993
4878,Jairo Riedewald,Midfielder,Netherlands,182,9/9/1996
3934,Matt Ritchie,Midfielder,Scotland,172,10/9/1989
13511,Roberto Firmino,Forward,Brazil,181,2/10/1991
8710,Patrick Roberts,Midfielder,England,168,5/2/1997
10458,Andrew Robertson,Defender,Scotland,178,11/3/1994
4696,Joel Robles,Goalkeeper,Spain,195,17/06/1990
10727,Marek Rodák,Goalkeeper,Slovakia,194,13/12/1996
5044,Roderick Miranda,Defender,Portugal,191,30/03/1991
10472,Marcos Rojo,Defender,Argentina,186,20/03/1990
13555,Sergio Romero,Goalkeeper,Argentina,192,22/02/1987
4286,Oriol Romeu,Midfielder,Spain,183,24/09/1991
13901,Connor Ronan,Midfielder,Ireland,178,6/3/1998
6030,Salomón Rondón,Forward,Venezuela,186,16/09/1989
3507,Danny Rose,Defender,England,173,2/7/1990
2464,Liam Rosenior,Defender,England,178,9/7/1984
30533,Aaron Rowe,Forward,England,,7/9/2000
11180,Rúben Neves,Midfielder,Portugal,180,13/03/1997
20171,Rúben Vinagre,Defender,Portugal,174,9/4/1999
2896,John Ruddy,Goalkeeper,England,193,24/10/1986
16801,Antonio Rüdiger,Defender,Germany,190,3/3/1993
3319,Rui Fonte,Forward,Portugal,179,23/04/1990
11341,Rui Patrício,Goalkeeper,Portugal,190,15/02/1988
12192,Mathew Ryan,Goalkeeper,Australia,184,8/4/1992
22591,Abdelhamid Sabiri,Midfielder,Germany,186,28/11/1996
20745,Romain Saïss,Midfielder,Morocco,190,26/03/1990
49481,Bukayo Saka,Forward,England,178,5/9/2001
4796,Mamadou Sakho,Defender,France,187,13/02/1990
10004,Bakary Sako,Midfielder,Mali,183,26/04/1988
6252,Emiliano Sala,Forward,Argentina,187,31/10/1990
13648,Martin Samuelsen,Midfielder,Norway,189,17/04/1997
14538,Robert Sánchez,Goalkeeper,Spain,197,18/11/1997
14554,Max Sanders,Midfielder,England,175,4/1/1999
33238,Philippe Sandler,Defender,Netherlands,188,10/2/1997
5384,Leroy Sané,Forward,Germany,183,11/1/1996
4477,Santi Cazorla,Midfielder,Spain,168,13/12/1984
8887,Sean Scannell,Midfielder,Ireland,176,17/09/1990
5220,Fabian Schär,Defender,Switzerland,188,20/12/1991
16234,Ezequiel Schelotto,Defender,Argentina,187,23/05/1989
19607,Christopher Schindler,Defender,Germany,188,29/04/1990
8980,Jeffrey Schlupp,Midfielder,Ghana,178,23/12/1992
2508,Kasper Schmeichel,Goalkeeper,Denmark,189,5/11/1986
4615,Morgan Schneiderlin,Midfielder,France,181,8/11/1989
24346,Ryan Schofield,Goalkeeper,England,190,11/12/1999
4750,André Schürrle,Midfielder,Germany,184,6/11/1990
14578,Kyle Scott,Midfielder,United States,172,22/12/1997
16723,Matz Sels,Goalkeeper,Belgium,188,26/02/1992
25089,Ken Sema,Midfielder,Sweden,180,30/09/1993
7013,Jean Michaël Seri,Midfielder,Cote D’Ivoire,168,19/07/1991
14656,Ryan Sessegnon,Midfielder,England,178,18/05/2000
5267,Xherdan Shaqiri,Midfielder,Switzerland,169,10/10/1991
51418,Samuel Sharrock-Peplow,Midfielder,England,,14/07/2002
4608,Luke Shaw,Defender,England,185,12/7/1995
4135,Jonjo Shelvey,Midfielder,England,184,27/02/1992
2007,Steve Sidwell,Midfielder,England,178,14/12/1982
4421,Gylfi Sigurdsson,Midfielder,Iceland,186,8/9/1989
4145,David Silva,Midfielder,Spain,173,8/1/1986
13193,Jack Simpson,Defender,England,178,18/12/1996
15374,Josh Sims,Midfielder,England,174,28/03/1997
4529,Jerome Sinclair,Forward,England,173,20/09/1996
4549,Moussa Sissoko,Midfielder,France,187,16/08/1989
13232,Jiri Skalak,Midfielder,Czech Republic,177,12/3/1992
21413,Oliver Skipp,Midfielder,England,175,16/09/2000
15002,Callum Slattery,Midfielder,England,175,8/2/1999
11364,Islam Slimani,Forward,Algeria,188,18/06/1988
3613,Chris Smalling,Defender,England,194,22/11/1989
9030,Brad Smith,Defender,Australia,178,9/4/1994
14445,Emile Smith Rowe,Midfielder,England,182,28/07/2000
8871,Alex Smithies,Goalkeeper,England,185,5/3/1990
4558,Robert Snodgrass,Midfielder,Scotland,182,7/9/1987
10443,Dominic Solanke,Forward,England,187,14/09/1997
4999,Son Heung-Min,Forward,South Korea,183,8/7/1992
10444,Pape Souaré,Defender,Senegal,178,6/6/1990
26216,Çaglar Söyüncü,Defender,Turkey,185,23/05/1996
2664,Julian Speroni,Goalkeeper,Argentina,186,18/05/1979
3766,Junior Stanislas,Midfielder,England,183,26/11/1989
11134,Jon Stankovic,Defender,Slovenia,190,14/01/1996
3457,Jason Steele,Goalkeeper,England,188,18/08/1990
4779,Maarten Stekelenburg,Goalkeeper,Netherlands,197,22/09/1982
8168,Dale Stephens,Midfielder,England,169,12/6/1989
14572,Dujon Sterling,Defender,England,186,24/10/1999
10482,Jamie Sterry,Defender,England,180,21/11/1995
14657,Steven Sessegnon,Defender,England,175,18/05/2000
13329,Ben Stevenson,Midfielder,England,183,23/03/1997
4505,John Stones,Defender,England,188,28/05/1994
12186,Stuart Armstrong,Midfielder,Scotland,183,30/03/1992
1295,Stuart Taylor,Goalkeeper,England,198,28/11/1980
3154,Daniel Sturridge,Forward,England,188,1/9/1989
4325,Denis Suárez,Midfielder,Spain,176,6/1/1994
19618,Isaac Success,Forward,Nigeria,186,7/1/1996
2338,Andrew Surman,Midfielder,England,178,20/08/1986
13195,Sam Surridge,Forward,England,191,28/07/1998
5428,Markus Suttner,Defender,Austria,179,16/04/1987
15685,Alexander Sørloth,Forward,Norway,195,5/12/1995
10498,Dusan Tadic,Forward,Serbia,181,20/11/1988
15116,Japhet Tanganga,Defender,England,184,31/03/1999
4815,Matt Targett,Defender,England,183,18/09/1995
8143,James Tarkowski,Defender,England,185,19/11/1992
40320,Percy Tau,Forward,South Africa,175,13/05/1994
24000,Nikola Tavares,Defender,Croatia,,17/01/1999
14650,Taye Ashby-Hammond,Goalkeeper,England,186,21/03/1999
24214,Kyle Taylor,Midfielder,England,,26/05/1999
8451,George Thomas,Midfielder,Wales,173,24/03/1997
14566,Jared Thompson,Goalkeeper,Northern Ireland,,23/02/1999
14667,Jon Thorsteinsson,Midfielder,Iceland,177,26/11/1998
5865,Youri Tielemans,Midfielder,Belgium,176,7/5/1997
14778,Tom Dele-Bashiru,Midfielder,Nigeria,183,17/09/1999
3517,James Tomkins,Defender,England,192,29/03/1989
9134,Lee Tomlin,Forward,England,180,12/1/1989
13281,Fikayo Tomori,Defender,England,185,19/12/1997
19681,Toni Martínez,Forward,Spain,180,30/06/1997
23033,Lucas Torreira,Midfielder,Uruguay,168,11/2/1996
12114,Cenk Tosun,Forward,Turkey,183,7/6/1991
4148,Yaya Touré,Midfielder,Cote D’Ivoire,188,13/05/1983
13235,Richard Towell,Midfielder,Ireland,173,17/07/1991
3724,Andros Townsend,Midfielder,England,181,16/07/1991
15133,Shilow Tracey,Midfielder,England,179,29/04/1998
2835,Armand Traore,Defender,Senegal,185,8/10/1989
50453,Mark Travers,Goalkeeper,Ireland,191,18/05/1999
3905,Kieran Trippier,Defender,England,178,19/09/1990
20051,Nathan Trott,Goalkeeper,England,188,21/11/1998
13559,Axel Tuanzebe,Defender,England,186,14/11/1997
14949,Joe Tupper,Goalkeeper,England,,15/11/1997
8174,Leonardo Ulloa,Forward,Argentina,188,26/07/1986
3285,Antonio Valencia,Defender,Ecuador,180,4/8/1985
15011,Yan Valery,Defender,France,180,22/02/1999
3362,Patrick van Aanholt,Defender,Netherlands,176,29/08/1990
5140,Virgil van Dijk,Defender,Netherlands,193,8/7/1991
4747,Marco van Ginkel,Midfielder,Netherlands,180,1/12/1992
10964,Rajiv van La Parra,Midfielder,Netherlands,181,4/6/1991
8979,Jamie Vardy,Forward,England,179,11/1/1987
4666,Jan Vertonghen,Defender,Belgium,189,24/04/1987
20109,Jannik Vestergaard,Defender,Denmark,199,3/8/1992
12949,Luciano Vietto,Forward,Argentina,174,5/12/1993
25312,Nikola Vlasic,Midfielder,Croatia,178,4/10/1997
4007,Sam Vokes,Forward,Wales,186,21/10/1989
4398,Michel Vorm,Goalkeeper,Netherlands,183,20/10/1983
4851,Matej Vydra,Midfielder,Czech Republic,180,1/5/1992
2839,Theo Walcott,Forward,England,176,16/03/1989
3955,Kyle Walker,Defender,England,178,28/05/1990
13815,Kyle Walker-Peters,Defender,England,173,13/04/1997
15119,Anton Walkes,Defender,England,187,8/2/1997
2047,Jonathan Walters,Forward,Ireland,183,20/09/1983
14164,Aaron Wan-Bissaka,Defender,England,183,26/11/1997
4816,Victor Wanyama,Midfielder,Kenya,188,25/06/1991
3999,Stephen Ward,Defender,Ireland,184,20/08/1985
4617,James Ward-Prowse,Midfielder,England,173,1/11/1994
21702,Elliot Watt,Midfielder,Scotland,175,11/3/2000
19967,Kelland Watts,Defender,England,,3/11/1999
3452,Danny Welbeck,Forward,England,185,26/11/1990
8889,Nahki Wells,Forward,Bermuda,170,1/6/1990
4489,Ashley Westwood,Midfielder,England,175,1/4/1990
14548,Benjamin White,Defender,England,182,8/10/1997
2980,Dean Whitehead,Midfielder,England,180,12/1/1982
15111,Alfie Whiteman,Goalkeeper,England,189,2/10/1998
8048,Ben Whitfield,Midfielder,England,165,28/02/1996
4396,Connor Wickham,Forward,England,191,31/03/1993
2678,Rhoys Wiggins,Defender,Wales,173,4/11/1987
7114,Georginio Wijnaldum,Midfielder,Netherlands,175,11/11/1990
10798,Yanic-Sonny Wildschut,Forward,Suriname,187,1/11/1991
4767,Jonathan Williams,Midfielder,Wales,168,9/10/1993
4748,Willian,Forward,Brazil,175,9/8/1988
14446,Joseph Willock,Midfielder,England,179,20/08/1999
20929,Ben Wilmot,Defender,England,188,4/11/1999
3547,Jack Wilshere,Midfielder,England,172,1/1/1992
8454,Callum Wilson,Forward,England,180,27/02/1992
7488,Harry Winks,Midfielder,England,178,2/2/1996
3756,Chris Wood,Forward,New Zealand,191,7/12/1991
14758,Ben Woodburn,Midfielder,Wales,174,15/10/1999
10479,Freddie Woodman,Goalkeeper,England,188,4/3/1997
4125,Cauley Woodrow,Forward,England,184,2/12/1994
14149,Sam Woods,Defender,England,,11/9/1998
24151,Xande Silva,Forward,Portugal,177,16/03/1997
12136,Granit Xhaka,Midfielder,Switzerland,185,27/09/1992
6389,Andriy Yarmolenko,Forward,Ukraine,189,23/10/1989
10522,DeAndre Yedlin,Defender,United States,172,9/7/1993
4605,Maya Yoshida,Defender,Japan,189,24/08/1988
3062,Ashley Young,Defender,England,175,9/7/1985
3654,Pablo Zabaleta,Defender,Argentina,176,16/01/1985
4539,Wilfried Zaha,Forward,Cote D’Ivoire,180,10/11/1992
32162,André-Frank Zambo Anguissa,Midfielder,Cameroon,184,16/11/1995
7103,Zanka,Defender,Denmark,191,23/04/1990
25313,Davide Zappacosta,Defender,Italy,185,11/6/1992
3338,Mauro Zárate,Forward,Argentina,176,18/03/1987
10123,Marvin Zeegelaar,Defender,Netherlands,186,12/8/1990
19620,Oleksandr Zinchenko,Midfielder,Ukraine,175,15/12/1996
6627,Kenneth Zohore,Forward,Denmark,189,31/01/1994
24638,Nabili Zoubdi Touaizi,Forward,Morocco,,1/2/2001
5175,Kurt Zouma,Defender,France,190,27/10/1994
6827,Michal Zyro,Forward,Poland,187,20/09/1992
51436,Leo Østigård,Defender,Norway,182,28/11/1999
