PlayerID,Club,Season
48285,Aston Villa,2021/2022
9199,Southampton,2021/2022
72541,Crystal Palace,2021/2022
90665,Watford,2021/2022
20113,Brentford,2021/2022
51480,Arsenal,2021/2022
68987,Manchester United,2021/2022
51774,Watford,2021/2022
52723,Manchester City,2021/2022
112742,Leicester City,2021/2022
26151,Crystal Palace,2021/2022
26151,Fulham,2020/2021
23742,Everton,2021/2022
121739,Watford,2021/2022
10467,Manchester City,2021/2022
10467,Manchester City,2019/2020
24708,Chelsea,2021/2022
24708,Chelsea,2020/2021
24708,Chelsea,2019/2020
51631,West Ham United,2021/2022
25281,Aston Villa,2021/2022
25281,Aston Villa,2020/2021
25281,Aston Villa,2019/2020
5748,West Ham United,2021/2022
5748,Fulham,2020/2021
11373,Chelsea,2021/2022
11373,Chelsea,2020/2021
11373,Chelsea,2019/2020
11373,Chelsea,2018/2019
31883,West Ham United,2021/2022
31883,West Ham United,2020/2021
123450,Watford,2021/2022
23750,Everton,2021/2022
23750,Everton,2020/2021
4859,Newcastle United,2021/2022
4859,Newcastle United,2020/2021
4859,Newcastle United,2019/2020
4859,Newcastle United,2018/2019
5110,Arsenal,2021/2022
5110,Arsenal,2020/2021
5110,Arsenal,2019/2020
5110,Arsenal,2018/2019
11293,Tottenham Hotspur,2021/2022
11293,Tottenham Hotspur,2020/2021
11293,Tottenham Hotspur,2019/2020
11293,Tottenham Hotspur,2018/2019
15114,Tottenham Hotspur,2021/2022
15114,Tottenham Hotspur,2020/2021
15114,Tottenham Hotspur,2019/2020
15114,Tottenham Hotspur,2018/2019
67217,Arsenal,2021/2022
15340,Liverpool,2021/2022
15340,Liverpool,2020/2021
15340,Liverpool,2019/2020
15340,Liverpool,2018/2019
5595,Crystal Palace,2021/2022
5595,Crystal Palace,2020/2021
5595,Crystal Palace,2019/2020
5595,Crystal Palace,2018/2019
3314,Leeds United,2021/2022
3314,Leeds United,2020/2021
26975,Arsenal,2021/2022
26975,Arsenal,2020/2021
4496,Chelsea,2021/2022
4496,Chelsea,2020/2021
4496,Chelsea,2019/2020
4496,Chelsea,2018/2019
69816,Watford,2021/2022
9762,Watford,2021/2022
9762,Watford,2019/2020
9762,Watford,2018/2019
20489,Aston Villa,2021/2022
12937,Manchester United,2021/2022
12937,Manchester United,2020/2021
12937,Manchester United,2019/2020
12937,Manchester United,2018/2019
11260,Chelsea,2021/2022
11260,Chelsea,2020/2021
11260,Chelsea,2019/2020
11260,Chelsea,2018/2019
4749,Chelsea,2021/2022
4749,Chelsea,2020/2021
4749,Chelsea,2019/2020
4749,Chelsea,2018/2019
66607,Liverpool,2021/2022
32435,West Ham United,2021/2022
32435,West Ham United,2020/2021
32435,West Ham United,2019/2020
32435,West Ham United,2018/2019
21317,Brentford,2021/2022
3513,Tottenham Hotspur,2021/2022
3513,Tottenham Hotspur,2020/2021
19871,Arsenal,2021/2022
19871,Arsenal,2020/2021
19871,Arsenal,2019/2020
63655,Brighton and Hove Albion,2021/2022
63655,Brighton and Hove Albion,2019/2020
63655,Brighton and Hove Albion,2018/2019
4291,Leeds United,2021/2022
4291,Leeds United,2020/2021
14623,Everton,2021/2022
14623,Everton,2020/2021
14623,Everton,2019/2020
14623,Everton,2018/2019
74776,Crystal Palace,2021/2022
74776,Crystal Palace,2019/2020
24773,Brentford,2021/2022
14426,Norwich City,2021/2022
2517,Burnley,2021/2022
2517,Burnley,2020/2021
2517,Burnley,2019/2020
2517,Burnley,2018/2019
4115,Aston Villa,2021/2022
4115,Chelsea,2021/2022
4115,Aston Villa,2020/2021
4115,Chelsea,2020/2021
4115,Chelsea,2019/2020
4115,Chelsea,2018/2019
8246,Burnley,2021/2022
8246,Burnley,2020/2021
8246,Burnley,2019/2020
8246,Burnley,2018/2019
15185,Watford,2021/2022
15185,Watford,2019/2020
52960,Aston Villa,2021/2022
52960,Aston Villa,2020/2021
49501,Leeds United,2021/2022
49501,Chelsea,2021/2022
49501,Chelsea,2020/2021
49501,Chelsea,2019/2020
7450,Crystal Palace,2021/2022
7450,Chelsea,2021/2022
7450,Crystal Palace,2020/2021
7450,Chelsea,2020/2021
7450,Crystal Palace,2019/2020
7450,Chelsea,2019/2020
7450,Crystal Palace,2018/2019
7450,Chelsea,2018/2019
14568,Chelsea,2021/2022
14568,Chelsea,2020/2021
14568,Chelsea,2019/2020
25540,Brentford,2021/2022
66565,Liverpool,2021/2022
19589,Lech Poznan,2021/2022
19589,Lech Poznan,2020/2021
19589,Lech Poznan,2019/2020
19589,Lech Poznan,2018/2019
2537,Everton,2021/2022
2537,AFC Bournemouth,2019/2020
2537,AFC Bournemouth,2018/2019
4474,Arsenal,2021/2022
4474,Arsenal,2020/2021
4474,Arsenal,2019/2020
4474,Arsenal,2018/2019
16671,Leicester City,2021/2022
16671,Leicester City,2020/2021
16671,Leicester City,2019/2020
16671,Leicester City,2018/2019
31662,Tottenham Hotspur,2021/2022
20517,West Ham United,2021/2022
20517,West Ham United,2020/2021
14441,Burnley,2021/2022
14441,Burnley,2020/2021
14441,Burnley,2019/2020
14441,Burnley,2018/2019
22802,Tottenham Hotspur,2021/2022
4492,Crystal Palace,2021/2022
4492,Crystal Palace,2020/2021
4492,Crystal Palace,2019/2020
4492,Crystal Palace,2018/2019
10761,Leeds United,2021/2022
10761,Leeds United,2020/2021
65641,Chelsea,2021/2022
12703,Tottenham Hotspur,2021/2022
12703,Tottenham Hotspur,2020/2021
12703,Tottenham Hotspur,2019/2020
50975,Manchester City,2021/2022
50975,Manchester City,2020/2021
50975,Manchester City,2019/2020
50975,Manchester City,2018/2019
5907,Everton,2021/2022
5907,Everton,2020/2021
5907,Everton,2019/2020
5907,Everton,2018/2019
23591,Brighton and Hove Albion,2021/2022
23591,Brighton and Hove Albion,2020/2021
23591,Brighton and Hove Albion,2019/2020
23591,Brighton and Hove Albion,2018/2019
5067,Manchester City,2021/2022
5067,Manchester City,2020/2021
5067,Manchester City,2019/2020
5067,Manchester City,2018/2019
2886,Leicester City,2021/2022
2886,Southampton,2021/2022
2886,Southampton,2020/2021
2886,Southampton,2019/2020
2886,Southampton,2018/2019
10451,Everton,2021/2022
10451,Everton,2020/2021
10451,Sheffield United,2019/2020
10451,Everton,2019/2020
10451,Everton,2018/2019
4511,Chelsea,2021/2022
4511,Fulham,2020/2021
4511,Fulham,2018/2019
66647,Brentford,2021/2022
33175,Arsenal,2021/2022
21881,Manchester United,2021/2022
21881,Manchester United,2020/2021
21881,Manchester United,2019/2020
50245,Brighton and Hove Albion,2021/2022
50245,Brighton and Hove Albion,2020/2021
50245,Brighton and Hove Albion,2019/2020
50245,Brighton and Hove Albion,2018/2019
112629,Liverpool,2021/2022
66657,Manchester City,2021/2022
107846,Aston Villa,2021/2022
107846,Aston Villa,2020/2021
64271,Leeds United,2021/2022
64271,Leeds United,2020/2021
52175,Wolverhampton Wanderers,2021/2022
14793,Manchester City,2021/2022
14793,Manchester City,2019/2020
14793,Manchester City,2018/2019
16204,Wolverhampton Wanderers,2021/2022
16204,Wolverhampton Wanderers,2020/2021
16204,Wolverhampton Wanderers,2019/2020
16204,Wolverhampton Wanderers,2018/2019
23951,Tottenham Hotspur,2021/2022
23951,Tottenham Hotspur,2020/2021
23951,Tottenham Hotspur,2019/2020
23951,Tottenham Hotspur,2018/2019
8868,West Ham United,2021/2022
8868,West Ham United,2020/2021
8868,West Ham United,2019/2020
68582,Liverpool,2021/2022
4158,Burnley,2021/2022
4158,Burnley,2020/2021
4158,Burnley,2019/2020
4158,Burnley,2018/2019
66318,Everton,2021/2022
66318,Everton,2020/2021
66318,Everton,2019/2020
109775,Leicester City,2021/2022
19894,Aston Villa,2021/2022
19894,Aston Villa,2020/2021
14636,Everton,2021/2022
14636,Everton,2020/2021
14636,Everton,2018/2019
31442,Southampton,2021/2022
31442,Chelsea,2021/2022
31442,Chelsea,2020/2021
31442,Chelsea,2019/2020
9457,Burnley,2021/2022
9457,Burnley,2020/2021
9457,Burnley,2019/2020
23396,Manchester United,2021/2022
23396,Manchester United,2020/2021
23396,Manchester United,2019/2020
74761,Newcastle United,2021/2022
25191,Wolverhampton Wanderers,2021/2022
25191,Wolverhampton Wanderers,2020/2021
25191,Wolverhampton Wanderers,2019/2020
19890,Leicester City,2021/2022
26408,Aston Villa,2021/2022
26408,Norwich City,2021/2022
26408,Norwich City,2019/2020
66692,Wolverhampton Wanderers,2021/2022
66692,Wolverhampton Wanderers,2020/2021
8707,Newcastle United,2021/2022
8707,Brighton and Hove Albion,2021/2022
8707,Brighton and Hove Albion,2020/2021
8707,Brighton and Hove Albion,2019/2020
8707,Brighton and Hove Albion,2018/2019
49267,Manchester City,2021/2022
4634,Crystal Palace,2021/2022
4634,Crystal Palace,2020/2021
8945,Norwich City,2021/2022
8945,Norwich City,2019/2020
8945,West Ham United,2019/2020
8945,West Ham United,2018/2019
10466,Southampton,2021/2022
10466,Chelsea,2021/2022
10466,Chelsea,2020/2021
10466,Chelsea,2019/2020
10466,Chelsea,2018/2019
2620,Crystal Palace,2021/2022
2620,Crystal Palace,2020/2021
2620,Crystal Palace,2019/2020
2620,Chelsea,2019/2020
2620,Chelsea,2018/2019
112203,Brighton and Hove Albion,2021/2022
112203,Brighton and Hove Albion,2020/2021
32279,Liverpool,2021/2022
32279,Liverpool,2020/2021
32279,Liverpool,2019/2020
74817,Aston Villa,2021/2022
14482,Aston Villa,2021/2022
14482,Aston Villa,2020/2021
9576,Everton,2021/2022
9576,Everton,2020/2021
9576,Everton,2019/2020
9576,Everton,2018/2019
74562,Wolverhampton Wanderers,2021/2022
74562,Wolverhampton Wanderers,2020/2021
74562,Wolverhampton Wanderers,2019/2020
51648,Wolverhampton Wanderers,2021/2022
51648,Wolverhampton Wanderers,2020/2021
51648,Wolverhampton Wanderers,2019/2020
13225,Brentford,2021/2022
14944,Norwich City,2021/2022
14944,Norwich City,2019/2020
74591,Leeds United,2021/2022
74591,Leeds United,2020/2021
50501,Tottenham Hotspur,2021/2022
50501,Tottenham Hotspur,2020/2021
3175,Newcastle United,2021/2022
3175,Newcastle United,2020/2021
3175,Newcastle United,2019/2020
3175,West Ham United,2019/2020
3175,West Ham United,2018/2019
2250,Manchester City,2021/2022
2250,Manchester City,2020/2021
2250,Manchester City,2019/2020
13814,Tottenham Hotspur,2021/2022
13814,Tottenham Hotspur,2020/2021
13814,Tottenham Hotspur,2019/2020
13814,Tottenham Hotspur,2018/2019
53269,Leeds United,2021/2022
53269,Leeds United,2020/2021
13344,Aston Villa,2021/2022
13344,Aston Villa,2020/2021
6712,Leicester City,2021/2022
6712,Leicester City,2020/2021
3160,Watford,2021/2022
3160,Watford,2019/2020
3160,Watford,2018/2019
5771,Manchester United,2021/2022
5771,Manchester United,2020/2021
7163,Arsenal,2021/2022
7163,Arsenal,2020/2021
7163,Arsenal,2019/2020
11347,Arsenal,2021/2022
11347,Arsenal,2020/2021
11347,Arsenal,2019/2020
11347,Southampton,2019/2020
11347,Southampton,2018/2019
51616,Tottenham Hotspur,2021/2022
14575,Chelsea,2021/2022
14575,Chelsea,2019/2020
14575,Chelsea,2018/2019
4620,Aston Villa,2021/2022
4620,Arsenal,2021/2022
4620,Arsenal,2020/2021
4620,Arsenal,2019/2020
4620,Fulham,2018/2019
4620,Arsenal,2018/2019
75201,Manchester City,2021/2022
65849,Southampton,2021/2022
65849,Southampton,2020/2021
30534,West Ham United,2021/2022
13491,Chelsea,2021/2022
13491,Chelsea,2020/2021
13491,Leicester City,2020/2021
13491,Leicester City,2019/2020
13491,Leicester City,2018/2019
122388,Wolverhampton Wanderers,2021/2022
13248,Leicester City,2021/2022
13248,Leicester City,2020/2021
13248,Leicester City,2019/2020
13248,Leicester City,2018/2019
69747,Aston Villa,2021/2022
69747,Aston Villa,2020/2021
4495,Chelsea,2021/2022
4495,Chelsea,2020/2021
4495,Chelsea,2019/2020
4495,Chelsea,2018/2019
64522,Wolverhampton Wanderers,2021/2022
64522,Wolverhampton Wanderers,2020/2021
64522,Wolverhampton Wanderers,2019/2020
64140,Aston Villa,2021/2022
64140,Aston Villa,2020/2021
51609,Tottenham Hotspur,2021/2022
51609,Tottenham Hotspur,2020/2021
51609,Tottenham Hotspur,2019/2020
51690,Manchester City,2021/2022
3562,Newcastle United,2021/2022
3562,Newcastle United,2020/2021
3562,Newcastle United,2019/2020
3562,Newcastle United,2018/2019
19877,Arsenal,2021/2022
11146,Chelsea,2021/2022
33335,Liverpool,2021/2022
33335,Liverpool,2020/2021
33335,Liverpool,2019/2020
3448,Watford,2021/2022
3448,Watford,2019/2020
3448,Watford,2018/2019
4604,Crystal Palace,2021/2022
4604,Crystal Palace,2020/2021
4604,AFC Bournemouth,2019/2020
4604,Liverpool,2019/2020
4604,AFC Bournemouth,2018/2019
4604,Liverpool,2018/2019
4136,Wolverhampton Wanderers,2021/2022
4136,Wolverhampton Wanderers,2020/2021
4136,Wolverhampton Wanderers,2019/2020
4136,Wolverhampton Wanderers,2018/2019
14559,Brighton and Hove Albion,2021/2022
14559,Brighton and Hove Albion,2020/2021
14559,Brighton and Hove Albion,2019/2020
3600,Everton,2021/2022
3600,Everton,2020/2021
3600,Everton,2019/2020
3600,Everton,2018/2019
24659,Burnley,2021/2022
21653,Brighton and Hove Albion,2021/2022
21653,Brighton and Hove Albion,2020/2021
21653,Brighton and Hove Albion,2019/2020
21653,Brighton and Hove Albion,2018/2019
69507,Watford,2021/2022
3622,Leeds United,2021/2022
3622,Leeds United,2020/2021
53182,Wolverhampton Wanderers,2021/2022
53182,Wolverhampton Wanderers,2020/2021
53182,Wolverhampton Wanderers,2019/2020
2889,Burnley,2021/2022
2889,Burnley,2020/2021
2889,Burnley,2019/2020
2889,Burnley,2018/2019
16758,Burnley,2021/2022
49256,Arsenal,2021/2022
49256,Arsenal,2020/2021
7336,West Ham United,2021/2022
7336,West Ham United,2020/2021
15211,West Ham United,2021/2022
15211,West Ham United,2020/2021
15211,West Ham United,2019/2020
15211,West Ham United,2018/2019
98258,Brentford,2021/2022
69286,Leeds United,2021/2022
69286,Leeds United,2020/2021
51245,Watford,2021/2022
51245,Watford,2019/2020
2522,Manchester United,2021/2022
31905,Watford,2021/2022
27277,Brighton and Hove Albion,2021/2022
14565,Chelsea,2021/2022
14565,Chelsea,2020/2021
14565,Chelsea,2019/2020
14565,Chelsea,2018/2019
23989,Wolverhampton Wanderers,2021/2022
23989,Wolverhampton Wanderers,2020/2021
23989,Wolverhampton Wanderers,2019/2020
22870,Wolverhampton Wanderers,2021/2022
22870,Wolverhampton Wanderers,2020/2021
22870,Wolverhampton Wanderers,2019/2020
33158,Watford,2021/2022
33158,Watford,2019/2020
33158,Watford,2018/2019
24994,Leicester City,2021/2022
20722,Watford,2021/2022
20722,Watford,2019/2020
19868,Leicester City,2021/2022
19868,Leicester City,2020/2021
19868,Leicester City,2019/2020
8148,Leeds United,2021/2022
8148,Leeds United,2020/2021
12005,Brentford,2021/2022
11362,Wolverhampton Wanderers,2021/2022
11362,Wolverhampton Wanderers,2020/2021
11362,Wolverhampton Wanderers,2019/2020
2817,Brentford,2021/2022
3807,Crystal Palace,2021/2022
3807,Crystal Palace,2020/2021
3807,Crystal Palace,2019/2020
3807,Crystal Palace,2018/2019
9251,Newcastle United,2021/2022
9251,Newcastle United,2020/2021
9251,Newcastle United,2019/2020
9251,Newcastle United,2018/2019
14457,Brentford,2021/2022
14457,Arsenal,2018/2019
4100,Arsenal,2021/2022
4100,Arsenal,2020/2021
4100,Arsenal,2019/2020
4100,Chelsea,2019/2020
4100,Chelsea,2018/2019
13389,Everton,2021/2022
13389,Everton,2020/2021
13389,Everton,2019/2020
13389,Everton,2018/2019
13130,Aston Villa,2021/2022
13130,Aston Villa,2020/2021
13130,Aston Villa,2019/2020
4198,West Ham United,2021/2022
4198,Watford,2021/2022
4198,West Ham United,2020/2021
4198,Watford,2019/2020
12198,Leeds United,2021/2022
12198,Leeds United,2020/2021
53177,Newcastle United,2021/2022
4288,Manchester City,2021/2022
4288,Manchester City,2020/2021
4288,Manchester City,2019/2020
4288,Manchester City,2018/2019
4330,Manchester United,2021/2022
4330,Manchester United,2020/2021
4330,Manchester United,2019/2020
4330,Manchester United,2018/2019
9947,Watford,2021/2022
9947,Watford,2019/2020
9947,Watford,2018/2019
51813,Manchester City,2021/2022
51813,Manchester City,2020/2021
3799,Everton,2021/2022
3799,Everton,2020/2021
3799,Everton,2019/2020
3799,Manchester City,2019/2020
3799,Manchester City,2018/2019
67927,Brighton and Hove Albion,2021/2022
67927,Brighton and Hove Albion,2020/2021
20701,Watford,2021/2022
49461,Brentford,2021/2022
77990,Tottenham Hotspur,2021/2022
77990,Tottenham Hotspur,2020/2021
14706,Leicester City,2021/2022
14706,Leicester City,2020/2021
14706,Leicester City,2019/2020
69176,Manchester United,2021/2022
69176,Manchester United,2020/2021
66669,Liverpool,2021/2022
33345,Norwich City,2021/2022
4112,Tottenham Hotspur,2021/2022
4112,Tottenham Hotspur,2020/2021
4112,Tottenham Hotspur,2019/2020
4112,Tottenham Hotspur,2018/2019
5758,Aston Villa,2021/2022
5758,Everton,2021/2022
5758,Everton,2020/2021
5758,Everton,2019/2020
5758,Everton,2018/2019
24252,Manchester United,2021/2022
24252,Manchester United,2020/2021
24252,Manchester United,2019/2020
24252,Manchester United,2018/2019
19758,Liverpool,2021/2022
19758,Liverpool,2020/2021
19758,Wolverhampton Wanderers,2020/2021
19758,Wolverhampton Wanderers,2019/2020
19758,Wolverhampton Wanderers,2018/2019
49884,West Ham United,2021/2022
49884,West Ham United,2020/2021
49884,West Ham United,2019/2020
49884,West Ham United,2018/2019
24231,Liverpool,2021/2022
24231,Liverpool,2020/2021
24231,Liverpool,2019/2020
52153,Southampton,2021/2022
52153,Southampton,2020/2021
52153,Southampton,2019/2020
51511,Everton,2021/2022
66524,Burnley,2021/2022
4229,Tottenham Hotspur,2021/2022
4229,Tottenham Hotspur,2020/2021
4229,Wolverhampton Wanderers,2020/2021
4229,Wolverhampton Wanderers,2019/2020
4229,Wolverhampton Wanderers,2018/2019
19678,Watford,2021/2022
19678,Watford,2019/2020
19678,Watford,2018/2019
19678,West Ham United,2018/2019
13823,Everton,2021/2022
13823,Everton,2020/2021
13823,Watford,2019/2020
13823,Watford,2018/2019
24626,Aston Villa,2021/2022
24626,Aston Villa,2020/2021
24626,Aston Villa,2019/2020
24626,Manchester City,2018/2019
10455,Norwich City,2021/2022
10455,Sheffield United,2019/2020
10455,Everton,2019/2020
10455,Everton,2018/2019
24637,Manchester City,2021/2022
24637,Manchester City,2020/2021
24637,Manchester City,2019/2020
24811,Leeds United,2021/2022
24811,Leeds United,2020/2021
3670,Chelsea,2021/2022
3670,Aston Villa,2020/2021
3670,Aston Villa,2019/2020
3670,Burnley,2019/2020
3670,Chelsea,2019/2020
3670,Chelsea,2018/2019
23810,Burnley,2021/2022
23810,Burnley,2020/2021
23810,Burnley,2019/2020
23810,Burnley,2018/2019
6451,Newcastle United,2021/2022
6451,Newcastle United,2020/2021
6451,Newcastle United,2019/2020
6451,Newcastle United,2018/2019
3601,Brighton and Hove Albion,2021/2022
3601,Brighton and Hove Albion,2020/2021
3601,Brighton and Hove Albion,2019/2020
3601,Brighton and Hove Albion,2018/2019
4340,Newcastle United,2021/2022
4340,Newcastle United,2020/2021
4340,Newcastle United,2019/2020
4340,Newcastle United,2018/2019
8163,Brighton and Hove Albion,2021/2022
8163,Brighton and Hove Albion,2020/2021
8163,Brighton and Hove Albion,2019/2020
8163,Brighton and Hove Albion,2018/2019
14829,Burnley,2021/2022
14829,Burnley,2020/2021
14829,Burnley,2019/2020
74787,Aston Villa,2021/2022
74787,Aston Villa,2020/2021
12707,Manchester City,2021/2022
12707,Manchester City,2020/2021
12707,Manchester City,2019/2020
12707,Manchester City,2018/2019
16788,Crystal Palace,2021/2022
66658,Manchester City,2021/2022
70755,Aston Villa,2021/2022
70755,Aston Villa,2020/2021
51224,West Ham United,2021/2022
11033,Everton,2021/2022
11033,Aston Villa,2021/2022
11033,Aston Villa,2020/2021
11033,Aston Villa,2019/2020
49259,Manchester United,2021/2022
49259,Manchester United,2020/2021
2214,Watford,2021/2022
2214,Newcastle United,2019/2020
2214,Newcastle United,2018/2019
33185,Liverpool,2021/2022
33185,Liverpool,2020/2021
33185,Liverpool,2019/2020
33185,Fulham,2018/2019
15967,Southampton,2021/2022
15967,Southampton,2019/2020
15967,Southampton,2018/2019
16803,Chelsea,2021/2022
16803,Chelsea,2020/2021
16803,Chelsea,2019/2020
16803,Chelsea,2018/2019
63654,Tottenham Hotspur,2021/2022
32388,Brentford,2021/2022
12199,Aston Villa,2021/2022
12199,Aston Villa,2020/2021
12199,Aston Villa,2019/2020
4845,Brentford,2021/2022
4845,Tottenham Hotspur,2019/2020
4845,Tottenham Hotspur,2018/2019
43087,Watford,2021/2022
3156,Leicester City,2021/2022
3156,Leicester City,2020/2021
3156,Leicester City,2019/2020
3156,Leicester City,2018/2019
51530,Leicester City,2021/2022
15123,Tottenham Hotspur,2021/2022
15123,Tottenham Hotspur,2019/2020
15123,Tottenham Hotspur,2018/2019
21584,Crystal Palace,2021/2022
21584,Crystal Palace,2020/2021
3309,West Ham United,2021/2022
3309,West Ham United,2020/2021
3309,West Ham United,2019/2020
3309,West Ham United,2018/2019
11247,Liverpool,2021/2022
11247,Liverpool,2020/2021
11247,Liverpool,2019/2020
11247,Liverpool,2018/2019
66670,Wolverhampton Wanderers,2021/2022
66670,Wolverhampton Wanderers,2020/2021
31663,Tottenham Hotspur,2021/2022
31663,Tottenham Hotspur,2020/2021
31663,Tottenham Hotspur,2019/2020
19752,Norwich City,2021/2022
19752,Norwich City,2019/2020
23703,Chelsea,2021/2022
23703,Chelsea,2020/2021
114485,Aston Villa,2021/2022
6784,West Ham United,2021/2022
6784,West Ham United,2020/2021
6784,West Ham United,2019/2020
6784,West Ham United,2018/2019
19922,Manchester City,2021/2022
19922,Manchester City,2020/2021
19922,Manchester City,2019/2020
19922,Manchester City,2018/2019
22546,Watford,2021/2022
22546,Watford,2019/2020
22546,Watford,2018/2019
71590,Brighton and Hove Albion,2021/2022
23585,Brentford,2021/2022
4804,Manchester City,2021/2022
4804,Manchester City,2020/2021
4804,Manchester City,2019/2020
4804,Manchester City,2018/2019
22002,Southampton,2021/2022
22002,Southampton,2020/2021
22002,Southampton,2019/2020
78267,Southampton,2021/2022
78267,Southampton,2020/2021
33046,Leeds United,2021/2022
51582,Manchester United,2021/2022
51582,Manchester United,2020/2021
51544,Leicester City,2021/2022
51544,Leicester City,2020/2021
51544,Leicester City,2019/2020
13145,Watford,2021/2022
69415,Arsenal,2021/2022
52959,Leicester City,2021/2022
52959,Leicester City,2020/2021
14805,Manchester City,2021/2022
14805,Manchester City,2020/2021
14805,Manchester City,2019/2020
14805,Manchester City,2018/2019
66284,Leicester City,2021/2022
66284,Leicester City,2020/2021
114256,Watford,2021/2022
25246,West Ham United,2021/2022
25246,West Ham United,2020/2021
25246,West Ham United,2019/2020
3877,Leeds United,2021/2022
3877,Leeds United,2020/2021
15170,Brentford,2021/2022
3170,Southampton,2021/2022
3170,Southampton,2020/2021
3170,Southampton,2019/2020
3170,Southampton,2018/2019
2932,Watford,2021/2022
2932,Watford,2019/2020
2932,Watford,2018/2019
10883,Brentford,2021/2022
8052,Newcastle United,2021/2022
8052,Newcastle United,2020/2021
8052,AFC Bournemouth,2019/2020
8052,AFC Bournemouth,2018/2019
107830,Liverpool,2021/2022
5906,Manchester United,2021/2022
5906,Manchester United,2020/2021
5906,Manchester United,2019/2020
5906,Manchester United,2018/2019
3958,West Ham United,2021/2022
3958,West Ham United,2020/2021
3958,West Ham United,2019/2020
3958,West Ham United,2018/2019
3958,Fulham,2018/2019
5371,Leicester City,2021/2022
5371,Leicester City,2020/2021
5371,Leicester City,2019/2020
5371,Leicester City,2018/2019
66367,Brighton and Hove Albion,2021/2022
19680,Manchester City,2021/2022
19680,Manchester City,2020/2021
19680,Manchester City,2019/2020
19680,Manchester City,2018/2019
50234,Arsenal,2021/2022
50234,Arsenal,2020/2021
66104,Arsenal,2021/2022
66104,Arsenal,2020/2021
66104,Arsenal,2019/2020
24649,Manchester United,2021/2022
24649,Manchester United,2020/2021
24649,Manchester United,2019/2020
21887,Crystal Palace,2021/2022
21887,Chelsea,2021/2022
21887,West Bromwich Albion,2020/2021
21887,Chelsea,2020/2021
21887,Chelsea,2019/2020
24635,Manchester City,2021/2022
24635,Manchester City,2020/2021
24635,Manchester City,2019/2020
24635,Manchester City,2018/2019
23841,Manchester United,2021/2022
23841,Manchester United,2020/2021
23841,Manchester United,2019/2020
23841,Manchester United,2018/2019
4771,Newcastle United,2021/2022
4771,Newcastle United,2020/2021
4771,Newcastle United,2019/2020
4771,Newcastle United,2018/2019
20187,Everton,2021/2022
20187,Everton,2020/2021
20187,Everton,2019/2020
51754,Leeds United,2021/2022
51754,Leeds United,2020/2021
6889,Leicester City,2021/2022
6889,Leicester City,2020/2021
6889,Leicester City,2019/2020
6889,Leicester City,2018/2019
25094,Brentford,2021/2022
19591,Norwich City,2021/2022
69765,Norwich City,2021/2022
15259,Wolverhampton Wanderers,2021/2022
15259,Wolverhampton Wanderers,2020/2021
15259,Wolverhampton Wanderers,2019/2020
15259,Wolverhampton Wanderers,2018/2019
9117,Norwich City,2021/2022
9117,Burnley,2021/2022
9117,Burnley,2020/2021
9117,Burnley,2019/2020
9117,Burnley,2018/2019
55700,Tottenham Hotspur,2021/2022
25534,Brentford,2021/2022
20081,Wolverhampton Wanderers,2021/2022
20081,Wolverhampton Wanderers,2020/2021
20081,Wolverhampton Wanderers,2019/2020
20081,Wolverhampton Wanderers,2018/2019
8321,Newcastle United,2021/2022
8321,Newcastle United,2020/2021
24221,Norwich City,2021/2022
24221,Chelsea,2021/2022
24221,Chelsea,2020/2021
24221,Chelsea,2019/2020
4481,Chelsea,2021/2022
4481,Chelsea,2020/2021
4481,Chelsea,2019/2020
4481,Chelsea,2018/2019
10968,Everton,2021/2022
10968,Everton,2020/2021
10968,Norwich City,2019/2020
19626,Tottenham Hotspur,2021/2022
50989,Manchester City,2021/2022
50989,Manchester City,2020/2021
50989,Manchester City,2019/2020
50989,Manchester City,2018/2019
10651,Liverpool,2021/2022
10651,Liverpool,2020/2021
10651,Liverpool,2019/2020
10651,Liverpool,2018/2019
13702,Brentford,2021/2022
51474,Brentford,2021/2022
3390,Watford,2021/2022
3390,AFC Bournemouth,2019/2020
3390,AFC Bournemouth,2018/2019
19909,Liverpool,2021/2022
19909,Liverpool,2020/2021
19909,Liverpool,2019/2020
19909,Liverpool,2018/2019
1870,Manchester United,2021/2022
1870,Manchester United,2020/2021
1870,Manchester United,2019/2020
1870,Manchester United,2018/2019
7946,Everton,2021/2022
7946,Leicester City,2020/2021
7946,Leicester City,2019/2020
7946,Leicester City,2018/2019
4260,Manchester City,2021/2022
4260,Aston Villa,2021/2022
4260,Aston Villa,2020/2021
4260,Aston Villa,2019/2020
23911,Leeds United,2021/2022
23911,Leeds United,2020/2021
22542,Brighton and Hove Albion,2021/2022
22542,Brighton and Hove Albion,2020/2021
22542,Brighton and Hove Albion,2019/2020
22542,Brighton and Hove Albion,2018/2019
13985,Liverpool,2021/2022
13985,Liverpool,2020/2021
13985,Liverpool,2019/2020
13985,Liverpool,2018/2019
7548,Crystal Palace,2021/2022
7548,Crystal Palace,2020/2021
7548,Crystal Palace,2019/2020
7548,Crystal Palace,2018/2019
6210,Burnley,2021/2022
6210,Burnley,2020/2021
6210,Burnley,2019/2020
6210,Burnley,2018/2019
14569,Crystal Palace,2021/2022
14569,Chelsea,2019/2020
14569,Chelsea,2018/2019
50512,Arsenal,2021/2022
50512,Arsenal,2020/2021
50512,Arsenal,2019/2020
50512,Arsenal,2018/2019
15549,Aston Villa,2021/2022
15549,Aston Villa,2020/2021
15549,Aston Villa,2019/2020
5101,Manchester City,2021/2022
5101,Manchester City,2020/2021
5101,Manchester City,2019/2020
5101,Manchester City,2018/2019
15269,Norwich City,2021/2022
15269,Southampton,2020/2021
15269,Southampton,2019/2020
15269,Southampton,2018/2019
64148,Brentford,2021/2022
51437,Brighton and Hove Albion,2021/2022
51437,Brighton and Hove Albion,2020/2021
51437,Brighton and Hove Albion,2019/2020
32728,Brighton and Hove Albion,2021/2022
32728,Brighton and Hove Albion,2020/2021
32728,Brighton and Hove Albion,2019/2020
32728,Brighton and Hove Albion,2018/2019
63841,Manchester City,2021/2022
3819,Norwich City,2021/2022
3819,Norwich City,2019/2020
15186,Crystal Palace,2021/2022
15186,Crystal Palace,2020/2021
66722,Manchester United,2021/2022
33135,Leeds United,2021/2022
33135,Leeds United,2020/2021
33135,Manchester City,2018/2019
32998,Aston Villa,2021/2022
32998,Aston Villa,2020/2021
3143,Tottenham Hotspur,2021/2022
3143,Tottenham Hotspur,2020/2021
3143,Burnley,2019/2020
3143,Burnley,2018/2019
25447,Manchester City,2021/2022
25447,Manchester City,2020/2021
25447,Manchester City,2019/2020
10000,Aston Villa,2021/2022
10000,Aston Villa,2020/2021
10000,Aston Villa,2019/2020
10000,Wolverhampton Wanderers,2019/2020
10000,Wolverhampton Wanderers,2018/2019
20810,Chelsea,2021/2022
20810,Chelsea,2020/2021
53074,Aston Villa,2021/2022
53074,Aston Villa,2020/2021
51581,Brentford,2021/2022
2933,Manchester United,2021/2022
2933,Aston Villa,2021/2022
2933,Aston Villa,2020/2021
2933,Aston Villa,2019/2020
2933,Burnley,2019/2020
2933,Burnley,2018/2019
51917,Arsenal,2021/2022
51917,Arsenal,2020/2021
47259,Norwich City,2021/2022
47259,Norwich City,2019/2020
5064,Leeds United,2021/2022
5064,Leeds United,2020/2021
5064,Wolverhampton Wanderers,2019/2020
5064,Wolverhampton Wanderers,2018/2019
51579,Burnley,2021/2022
3058,Crystal Palace,2021/2022
3058,Crystal Palace,2020/2021
3058,Crystal Palace,2019/2020
8586,Newcastle United,2021/2022
8586,Newcastle United,2020/2021
8586,Burnley,2019/2020
8586,Burnley,2018/2019
2569,Burnley,2021/2022
2569,Crystal Palace,2021/2022
2569,Crystal Palace,2020/2021
2569,Crystal Palace,2019/2020
2569,Crystal Palace,2018/2019
10947,Brentford,2021/2022
98301,Arsenal,2021/2022
33066,Norwich City,2021/2022
33066,Norwich City,2019/2020
20005,Arsenal,2021/2022
20005,Arsenal,2020/2021
112246,Leeds United,2021/2022
6194,Southampton,2021/2022
6194,Southampton,2020/2021
6194,Southampton,2019/2020
6194,Southampton,2018/2019
52951,Wolverhampton Wanderers,2021/2022
52951,Wolverhampton Wanderers,2020/2021
52951,Liverpool,2020/2021
52951,Liverpool,2019/2020
52951,Liverpool,2018/2019
11575,Arsenal,2021/2022
11575,Arsenal,2020/2021
11575,Arsenal,2019/2020
11575,Arsenal,2018/2019
10564,Everton,2021/2022
10564,Everton,2020/2021
10564,Everton,2019/2020
10564,Everton,2018/2019
14637,West Ham United,2021/2022
14637,West Ham United,2020/2021
14637,West Ham United,2019/2020
14637,West Ham United,2018/2019
9377,Aston Villa,2021/2022
9377,Aston Villa,2020/2021
9377,Aston Villa,2019/2020
23702,Chelsea,2021/2022
23702,Chelsea,2020/2021
23702,Chelsea,2019/2020
23702,Chelsea,2018/2019
104260,Leeds United,2021/2022
104260,Leeds United,2020/2021
8589,Crystal Palace,2021/2022
8589,Watford,2021/2022
8589,Watford,2019/2020
8589,Watford,2018/2019
107835,Manchester United,2021/2022
24340,Watford,2021/2022
24340,Watford,2019/2020
43859,Everton,2021/2022
98300,Arsenal,2021/2022
20337,Wolverhampton Wanderers,2021/2022
5272,Tottenham Hotspur,2021/2022
5272,Tottenham Hotspur,2020/2021
5272,Southampton,2020/2021
5272,Southampton,2019/2020
5272,Southampton,2018/2019
24641,Norwich City,2021/2022
24641,Norwich City,2019/2020
13554,Leicester City,2021/2022
13554,Leicester City,2020/2021
13554,Leicester City,2019/2020
13554,Leicester City,2018/2019
8245,Aston Villa,2021/2022
8245,Southampton,2021/2022
8245,Southampton,2020/2021
8245,Southampton,2019/2020
8245,Southampton,2018/2019
8245,Liverpool,2018/2019
66538,Aston Villa,2021/2022
66538,West Bromwich Albion,2020/2021
24227,Everton,2021/2022
4717,Everton,2021/2022
4717,Everton,2020/2021
4717,Everton,2019/2020
4717,Arsenal,2019/2020
4717,Arsenal,2018/2019
12212,Brighton and Hove Albion,2021/2022
12212,Brighton and Hove Albion,2020/2021
12212,Brighton and Hove Albion,2019/2020
12212,Brighton and Hove Albion,2018/2019
33056,Crystal Palace,2021/2022
33056,Crystal Palace,2020/2021
33056,Crystal Palace,2019/2020
33056,Crystal Palace,2018/2019
15480,Brighton and Hove Albion,2021/2022
15480,Brighton and Hove Albion,2020/2021
15480,Brighton and Hove Albion,2019/2020
15480,Brighton and Hove Albion,2018/2019
4786,Leicester City,2021/2022
4786,Leicester City,2020/2021
4786,Leicester City,2019/2020
4786,Leicester City,2018/2019
14571,Chelsea,2021/2022
14571,Chelsea,2020/2021
14571,Chelsea,2019/2020
23194,Brentford,2021/2022
52931,Southampton,2021/2022
52931,Southampton,2020/2021
52931,Southampton,2019/2020
12847,Brentford,2021/2022
24807,Liverpool,2021/2022
24807,Liverpool,2020/2021
24807,Liverpool,2019/2020
98303,Aston Villa,2021/2022
98303,Aston Villa,2020/2021
51085,Brentford,2021/2022
69289,Leeds United,2021/2022
69289,Leeds United,2020/2021
24723,Brighton and Hove Albion,2021/2022
24723,Brighton and Hove Albion,2020/2021
24723,Brighton and Hove Albion,2019/2020
49726,Brentford,2021/2022
122872,Wolverhampton Wanderers,2021/2022
11071,Wolverhampton Wanderers,2021/2022
11071,Wolverhampton Wanderers,2020/2021
11071,Wolverhampton Wanderers,2019/2020
11071,Wolverhampton Wanderers,2018/2019
5051,Manchester City,2021/2022
5051,Manchester City,2020/2021
5051,Manchester City,2019/2020
11259,Wolverhampton Wanderers,2021/2022
11259,Wolverhampton Wanderers,2020/2021
11259,Wolverhampton Wanderers,2019/2020
11259,Wolverhampton Wanderers,2018/2019
72371,Watford,2021/2022
72371,Watford,2019/2020
14428,Everton,2021/2022
14428,Everton,2020/2021
14428,Everton,2019/2020
14428,Everton,2018/2019
20607,Newcastle United,2021/2022
20607,Newcastle United,2020/2021
20607,Newcastle United,2019/2020
23743,Everton,2021/2022
23743,Everton,2020/2021
19880,Arsenal,2021/2022
19880,Arsenal,2020/2021
19880,Arsenal,2019/2020
19880,Arsenal,2018/2019
15212,West Ham United,2021/2022
15212,West Ham United,2020/2021
15212,West Ham United,2019/2020
15212,West Ham United,2018/2019
23815,Liverpool,2021/2022
23815,Liverpool,2020/2021
23815,Liverpool,2019/2020
23815,Liverpool,2018/2019
20277,Wolverhampton Wanderers,2021/2022
20277,Wolverhampton Wanderers,2020/2021
20277,Wolverhampton Wanderers,2019/2020
20277,Wolverhampton Wanderers,2018/2019
5682,Chelsea,2021/2022
5682,Chelsea,2020/2021
5682,Chelsea,2019/2020
5682,Chelsea,2018/2019
15715,Wolverhampton Wanderers,2021/2022
13515,Leicester City,2021/2022
13515,Leicester City,2020/2021
13515,Leicester City,2019/2020
50165,Norwich City,2021/2022
50165,Liverpool,2021/2022
50165,Liverpool,2020/2021
19605,Watford,2021/2022
19605,Watford,2019/2020
19605,Watford,2018/2019
21611,Aston Villa,2021/2022
21611,Aston Villa,2020/2021
21611,Aston Villa,2019/2020
21714,Watford,2021/2022
66590,Norwich City,2021/2022
3960,Tottenham Hotspur,2021/2022
3960,Tottenham Hotspur,2020/2021
3960,Tottenham Hotspur,2019/2020
3960,Tottenham Hotspur,2018/2019
13492,Chelsea,2021/2022
13492,Chelsea,2020/2021
13492,Chelsea,2019/2020
13492,Chelsea,2018/2019
108973,Brighton and Hove Albion,2021/2022
108973,Brighton and Hove Albion,2020/2021
19600,Liverpool,2021/2022
19600,Liverpool,2020/2021
19600,Liverpool,2019/2020
19600,Liverpool,2018/2019
122118,Wolverhampton Wanderers,2021/2022
32298,Watford,2021/2022
120096,Manchester City,2021/2022
20958,Everton,2021/2022
20958,Everton,2020/2021
20958,Everton,2019/2020
4333,Everton,2021/2022
4333,Everton,2020/2021
4333,Everton,2019/2020
4333,Everton,2018/2019
12316,Liverpool,2021/2022
12316,Liverpool,2020/2021
12316,Liverpool,2019/2020
12316,Liverpool,2018/2019
14723,Liverpool,2021/2022
14723,Liverpool,2020/2021
14723,Liverpool,2019/2020
14723,Liverpool,2018/2019
3644,Crystal Palace,2021/2022
3644,Crystal Palace,2020/2021
3644,Crystal Palace,2019/2020
3644,Crystal Palace,2018/2019
13285,Chelsea,2021/2022
13285,Newcastle United,2019/2020
13285,Chelsea,2019/2020
13285,Newcastle United,2018/2019
13285,Chelsea,2018/2019
98279,Leeds United,2021/2022
10449,Everton,2021/2022
10449,Everton,2020/2021
10449,Everton,2019/2020
10449,Everton,2018/2019
67899,Brighton and Hove Albion,2021/2022
67899,Brighton and Hove Albion,2020/2021
16793,Leeds United,2021/2022
16793,Leeds United,2020/2021
13522,Wolverhampton Wanderers,2021/2022
13522,Wolverhampton Wanderers,2020/2021
13522,Wolverhampton Wanderers,2019/2020
13522,Wolverhampton Wanderers,2018/2019
3926,Watford,2021/2022
3926,Everton,2021/2022
3926,Everton,2020/2021
3926,AFC Bournemouth,2019/2020
3926,AFC Bournemouth,2018/2019
15134,Crystal Palace,2021/2022
15134,Crystal Palace,2020/2021
15134,Crystal Palace,2019/2020
15134,Crystal Palace,2018/2019
23152,Leeds United,2021/2022
13089,Leeds United,2021/2022
13089,Leeds United,2020/2021
12891,Norwich City,2021/2022
12891,Norwich City,2019/2020
14693,Leicester City,2021/2022
14693,Leicester City,2020/2021
14693,Leicester City,2019/2020
14693,Leicester City,2018/2019
26220,Leeds United,2021/2022
26220,Leeds United,2020/2021
5368,Arsenal,2021/2022
5368,Arsenal,2020/2021
5368,Arsenal,2019/2020
5368,Arsenal,2018/2019
23593,Liverpool,2021/2022
13274,Aston Villa,2021/2022
13274,Aston Villa,2020/2021
13274,Aston Villa,2019/2020
66564,Liverpool,2021/2022
66564,Liverpool,2020/2021
66564,Liverpool,2019/2020
5861,Crystal Palace,2021/2022
5861,Crystal Palace,2020/2021
5861,Crystal Palace,2019/2020
5861,Crystal Palace,2018/2019
5861,West Ham United,2018/2019
12520,Chelsea,2021/2022
12520,Chelsea,2020/2021
12520,Chelsea,2019/2020
12520,Chelsea,2018/2019
35733,Manchester United,2021/2022
35733,Manchester United,2020/2021
35733,Manchester United,2019/2020
35733,Manchester United,2018/2019
122119,Brighton and Hove Albion,2021/2022
66494,Newcastle United,2021/2022
66494,Newcastle United,2020/2021
66494,Newcastle United,2019/2020
67196,West Ham United,2021/2022
3169,Norwich City,2021/2022
3169,Norwich City,2019/2020
3169,Brighton and Hove Albion,2018/2019
22866,Watford,2021/2022
49316,Tottenham Hotspur,2021/2022
6899,Arsenal,2021/2022
6899,Arsenal,2020/2021
6899,Arsenal,2019/2020
6899,Arsenal,2018/2019
4618,Brighton and Hove Albion,2021/2022
4618,Brighton and Hove Albion,2020/2021
4618,Liverpool,2020/2021
4618,Liverpool,2019/2020
4618,Liverpool,2018/2019
4842,Tottenham Hotspur,2021/2022
4842,Tottenham Hotspur,2020/2021
4842,Tottenham Hotspur,2019/2020
4842,Tottenham Hotspur,2018/2019
23704,Brighton and Hove Albion,2021/2022
23704,Brighton and Hove Albion,2020/2021
23704,Brighton and Hove Albion,2019/2020
23704,Chelsea,2019/2020
24702,Newcastle United,2021/2022
24702,Newcastle United,2020/2021
3049,Aston Villa,2021/2022
3049,Aston Villa,2020/2021
3049,Aston Villa,2019/2020
13872,West Ham United,2021/2022
13872,West Ham United,2020/2021
13872,West Ham United,2019/2020
13872,West Ham United,2018/2019
11044,Manchester City,2021/2022
11044,Manchester City,2020/2021
11044,Manchester City,2019/2020
11044,Manchester City,2018/2019
9257,Newcastle United,2021/2022
9257,Newcastle United,2020/2021
9257,Newcastle United,2019/2020
9257,Newcastle United,2018/2019
99282,Manchester City,2021/2022
23696,Tottenham Hotspur,2021/2022
23696,Tottenham Hotspur,2020/2021
20180,Watford,2021/2022
20180,Newcastle United,2019/2020
20180,Newcastle United,2018/2019
66222,Everton,2021/2022
66222,Everton,2020/2021
25071,Norwich City,2021/2022
16607,Newcastle United,2021/2022
16607,Newcastle United,2020/2021
16607,Newcastle United,2019/2020
16607,Newcastle United,2018/2019
68580,Wolverhampton Wanderers,2021/2022
5583,Southampton,2021/2022
5583,Fulham,2020/2021
5583,Southampton,2019/2020
5583,Southampton,2018/2019
2270,Burnley,2021/2022
2270,Burnley,2019/2020
2270,Burnley,2018/2019
4985,Arsenal,2021/2022
4985,Arsenal,2020/2021
4985,Arsenal,2019/2020
4985,Arsenal,2018/2019
51777,Brighton and Hove Albion,2021/2022
23784,Leicester City,2021/2022
23784,Leicester City,2020/2021
23784,Leicester City,2019/2020
23784,Leicester City,2018/2019
23830,Manchester United,2021/2022
23830,Manchester United,2020/2021
23830,Manchester United,2019/2020
14938,Newcastle United,2021/2022
14938,Newcastle United,2020/2021
14938,Norwich City,2019/2020
108922,Chelsea,2021/2022
5066,Manchester United,2021/2022
5066,Manchester United,2020/2021
5066,Manchester United,2019/2020
5066,Manchester United,2018/2019
66516,Aston Villa,2021/2022
66516,Aston Villa,2020/2021
4337,Manchester United,2021/2022
4337,West Ham United,2020/2021
4337,Manchester United,2020/2021
4337,Manchester United,2019/2020
4337,Manchester United,2018/2019
49495,Southampton,2021/2022
49495,Chelsea,2021/2022
49495,Chelsea,2020/2021
5790,Leeds United,2021/2022
5790,Leeds United,2020/2021
4664,Tottenham Hotspur,2021/2022
4664,Tottenham Hotspur,2020/2021
4664,Tottenham Hotspur,2019/2020
4664,Tottenham Hotspur,2018/2019
19851,Tottenham Hotspur,2021/2022
19851,Tottenham Hotspur,2020/2021
19851,Tottenham Hotspur,2019/2020
7124,Brighton and Hove Albion,2021/2022
7124,Brighton and Hove Albion,2019/2020
7124,Brighton and Hove Albion,2018/2019
5179,Chelsea,2021/2022
5179,Fulham,2020/2021
5179,Chelsea,2020/2021
5179,Chelsea,2019/2020
5179,Chelsea,2018/2019
8006,Everton,2021/2022
8006,West Bromwich Albion,2020/2021
8006,Liverpool,2020/2021
8006,Liverpool,2019/2020
3837,Burnley,2021/2022
3837,Burnley,2020/2021
3837,Burnley,2019/2020
3837,Burnley,2018/2019
20055,West Ham United,2021/2022
20055,West Ham United,2020/2021
14903,Newcastle United,2021/2022
14903,Newcastle United,2020/2021
14903,Newcastle United,2019/2020
74811,Wolverhampton Wanderers,2021/2022
74811,Wolverhampton Wanderers,2020/2021
13278,Leicester City,2021/2022
13278,Fulham,2020/2021
13278,Everton,2019/2020
13278,Everton,2018/2019
52201,Arsenal,2021/2022
52201,Arsenal,2020/2021
12444,Brentford,2021/2022
12444,Everton,2020/2021
12444,Everton,2019/2020
12444,Huddersfield Town,2018/2019
54144,Watford,2021/2022
4487,Burnley,2021/2022
4487,Burnley,2020/2021
4487,Burnley,2019/2020
4487,Burnley,2018/2019
5762,Tottenham Hotspur,2021/2022
5762,Tottenham Hotspur,2020/2021
5762,Tottenham Hotspur,2019/2020
5762,Tottenham Hotspur,2018/2019
4290,Chelsea,2021/2022
4290,Manchester United,2019/2020
4290,Manchester United,2018/2019
49961,Southampton,2021/2022
23948,Tottenham Hotspur,2021/2022
23948,Tottenham Hotspur,2019/2020
72455,Liverpool,2021/2022
63633,Brighton and Hove Albion,2021/2022
63633,Brighton and Hove Albion,2020/2021
63633,Brighton and Hove Albion,2019/2020
63633,Brighton and Hove Albion,2018/2019
8456,Leicester City,2021/2022
8456,Leicester City,2020/2021
8456,Leicester City,2019/2020
8456,Leicester City,2018/2019
23946,Brentford,2021/2022
23946,Tottenham Hotspur,2018/2019
9566,Manchester United,2021/2022
9566,Manchester United,2020/2021
9566,Manchester United,2019/2020
9566,Leicester City,2019/2020
9566,Leicester City,2018/2019
8983,Manchester City,2021/2022
8983,Manchester City,2020/2021
8983,Manchester City,2019/2020
8983,Manchester City,2018/2019
10428,Arsenal,2021/2022
10428,West Bromwich Albion,2020/2021
10428,Arsenal,2020/2021
10428,Arsenal,2019/2020
10428,Arsenal,2018/2019
53007,Crystal Palace,2021/2022
71441,Burnley,2021/2022
71441,Burnley,2020/2021
6519,Liverpool,2021/2022
6519,Liverpool,2020/2021
6519,Liverpool,2019/2020
6519,Liverpool,2018/2019
4918,Newcastle United,2021/2022
4918,Newcastle United,2020/2021
4918,Newcastle United,2019/2020
4918,Newcastle United,2018/2019
16640,Wolverhampton Wanderers,2021/2022
16640,Wolverhampton Wanderers,2020/2021
32925,Liverpool,2021/2022
8171,Brighton and Hove Albion,2021/2022
8171,Brighton and Hove Albion,2020/2021
8171,Brighton and Hove Albion,2019/2020
8171,Brighton and Hove Albion,2018/2019
20097,Arsenal,2021/2022
20097,Arsenal,2020/2021
20097,Arsenal,2019/2020
23952,Tottenham Hotspur,2021/2022
23952,Tottenham Hotspur,2020/2021
51692,Aston Villa,2021/2022
11272,Manchester United,2021/2022
11272,Manchester United,2020/2021
11272,Manchester United,2019/2020
11272,Manchester United,2018/2019
26977,Norwich City,2021/2022
26977,Norwich City,2019/2020
4245,Aston Villa,2021/2022
4245,Aston Villa,2020/2021
4245,Arsenal,2020/2021
4245,Arsenal,2019/2020
4245,Arsenal,2018/2019
49992,Watford,2021/2022
49992,Watford,2019/2020
49992,Watford,2018/2019
11284,West Ham United,2021/2022
11284,West Ham United,2020/2021
11284,West Ham United,2019/2020
11284,West Ham United,2018/2019
51556,Leicester City,2021/2022
51556,Leicester City,2020/2021
4287,Manchester United,2021/2022
4287,Manchester United,2020/2021
4287,Manchester United,2019/2020
4287,Manchester United,2018/2019
20874,Crystal Palace,2021/2022
20874,Crystal Palace,2020/2021
3861,Manchester United,2021/2022
3861,Manchester United,2020/2021
3861,Manchester United,2019/2020
3861,Manchester United,2018/2019
5375,Liverpool,2021/2022
5375,Liverpool,2020/2021
5375,Liverpool,2019/2020
5375,Liverpool,2018/2019
51619,Tottenham Hotspur,2021/2022
10827,Crystal Palace,2021/2022
16256,Brighton and Hove Albion,2021/2022
16256,Brighton and Hove Albion,2020/2021
16256,Brighton and Hove Albion,2019/2020
64460,Manchester City,2021/2022
64460,Manchester City,2020/2021
66360,Brentford,2021/2022
69546,Chelsea,2021/2022
66707,Norwich City,2021/2022
4224,Crystal Palace,2021/2022
4224,Crystal Palace,2020/2021
4224,Crystal Palace,2019/2020
4224,Crystal Palace,2018/2019
49270,Manchester City,2021/2022
51553,Leicester City,2021/2022
53270,Leeds United,2021/2022
53270,Leeds United,2020/2021
52613,Leeds United,2021/2022
52613,Leeds United,2020/2021
3979,Crystal Palace,2021/2022
3979,Crystal Palace,2020/2021
3979,Crystal Palace,2019/2020
3979,Everton,2019/2020
3979,Everton,2018/2019
23853,Norwich City,2021/2022
20961,Brighton and Hove Albion,2021/2022
20961,Brighton and Hove Albion,2020/2021
51423,Aston Villa,2021/2022
51423,Aston Villa,2020/2021
51423,Aston Villa,2019/2020
78239,Burnley,2021/2022
19675,Norwich City,2021/2022
19675,Norwich City,2019/2020
69288,Leeds United,2021/2022
33061,Norwich City,2021/2022
33061,Norwich City,2019/2020
24797,Burnley,2021/2022
24797,Burnley,2020/2021
24797,Burnley,2019/2020
24797,Burnley,2018/2019
14824,Manchester United,2021/2022
14824,Manchester United,2020/2021
14824,Manchester United,2019/2020
14824,Manchester United,2018/2019
3909,Burnley,2021/2022
3909,Burnley,2020/2021
3909,Burnley,2019/2020
3909,Burnley,2018/2019
68593,Manchester United,2021/2022
68593,Manchester United,2020/2021
54889,Chelsea,2021/2022
54889,Chelsea,2020/2021
27090,Manchester United,2021/2022
27090,Manchester United,2020/2021
27090,Manchester United,2019/2020
66378,Leeds United,2021/2022
66378,Leeds United,2020/2021
13280,Chelsea,2021/2022
13280,Chelsea,2019/2020
13280,Chelsea,2018/2019
51612,Tottenham Hotspur,2021/2022
5859,Crystal Palace,2021/2022
5859,Crystal Palace,2020/2021
5859,Crystal Palace,2019/2020
5859,Crystal Palace,2018/2019
2100,Liverpool,2021/2022
2100,Liverpool,2020/2021
2100,Liverpool,2019/2020
2100,Liverpool,2018/2019
32923,Everton,2021/2022
32923,Everton,2020/2021
32923,Everton,2019/2020
32923,Everton,2018/2019
12322,Liverpool,2021/2022
12322,Southampton,2020/2021
12322,Liverpool,2020/2021
12322,Liverpool,2019/2020
8900,Aston Villa,2021/2022
8900,Aston Villa,2020/2021
8900,Aston Villa,2019/2020
8900,AFC Bournemouth,2019/2020
8900,AFC Bournemouth,2018/2019
24334,Crystal Palace,2021/2022
24334,Crystal Palace,2020/2021
24334,Crystal Palace,2019/2020
117732,Brighton and Hove Albion,2021/2022
21774,Brighton and Hove Albion,2021/2022
21774,Brighton and Hove Albion,2019/2020
21774,Brighton and Hove Albion,2018/2019
108751,Brighton and Hove Albion,2021/2022
108751,Brighton and Hove Albion,2020/2021
5239,Arsenal,2021/2022
5239,Arsenal,2020/2021
5239,Arsenal,2019/2020
5239,Arsenal,2018/2019
5178,Liverpool,2021/2022
5178,Liverpool,2020/2021
5178,Liverpool,2019/2020
5178,Liverpool,2018/2019
15293,Brighton and Hove Albion,2021/2022
15293,Brighton and Hove Albion,2020/2021
15293,Brighton and Hove Albion,2019/2020
15293,Brighton and Hove Albion,2018/2019
115025,Crystal Palace,2021/2022
92722,Leeds United,2021/2022
92706,Brighton and Hove Albion,2021/2022
64281,Manchester City,2021/2022
64281,Manchester City,2020/2021
8966,Leicester City,2021/2022
8966,Leicester City,2020/2021
8966,Leicester City,2019/2020
8966,Leicester City,2018/2019
25269,Watford,2021/2022
51574,Liverpool,2021/2022
3983,Chelsea,2021/2022
3983,Chelsea,2020/2021
3983,Chelsea,2019/2020
3983,Chelsea,2018/2019
115114,Wolverhampton Wanderers,2021/2022
23824,Wolverhampton Wanderers,2021/2022
14580,Chelsea,2021/2022
14580,Chelsea,2020/2021
14580,Chelsea,2019/2020
23903,Norwich City,2021/2022
75991,Burnley,2021/2022
75991,Burnley,2020/2021
75991,Burnley,2019/2020
51610,Tottenham Hotspur,2021/2022
19911,Manchester City,2021/2022
19911,Manchester City,2020/2021
19911,Manchester City,2019/2020
19911,Manchester City,2018/2019
9662,Newcastle United,2021/2022
9662,Newcastle United,2020/2021
9662,Newcastle United,2019/2020
9662,Newcastle United,2018/2019
4772,Brighton and Hove Albion,2021/2022
4772,Brighton and Hove Albion,2020/2021
4772,Brighton and Hove Albion,2019/2020
4772,Brighton and Hove Albion,2018/2019
11147,Chelsea,2021/2022
11147,Chelsea,2018/2019
20196,Newcastle United,2021/2022
20196,Newcastle United,2020/2021
20196,Newcastle United,2019/2020
20196,Newcastle United,2018/2019
25467,Brighton and Hove Albion,2021/2022
24983,Everton,2021/2022
15019,Southampton,2021/2022
15019,Southampton,2020/2021
15019,Southampton,2019/2020
45351,Aston Villa,2021/2022
45351,Aston Villa,2020/2021
45351,Aston Villa,2019/2020
14577,Burnley,2021/2022
14577,Burnley,2020/2021
22651,Watford,2021/2022
22651,Watford,2019/2020
22651,Watford,2018/2019
20479,Leicester City,2021/2022
20479,Leicester City,2020/2021
20479,Leicester City,2019/2020
20479,Leicester City,2018/2019
25329,Tottenham Hotspur,2021/2022
25329,Tottenham Hotspur,2020/2021
25329,Tottenham Hotspur,2019/2020
14450,Arsenal,2021/2022
14450,Arsenal,2020/2021
14450,Arsenal,2019/2020
14450,Arsenal,2018/2019
16642,Wolverhampton Wanderers,2021/2022
16642,Wolverhampton Wanderers,2020/2021
20064,Watford,2021/2022
20064,West Ham United,2019/2020
4931,Chelsea,2021/2022
14451,Arsenal,2021/2022
14451,Arsenal,2020/2021
14451,Arsenal,2019/2020
14451,Arsenal,2018/2019
5570,Watford,2021/2022
76258,Everton,2021/2022
76258,Everton,2020/2021
3014,West Ham United,2021/2022
3014,West Ham United,2020/2021
3014,West Ham United,2019/2020
3014,West Ham United,2018/2019
23556,Norwich City,2021/2022
23556,Brighton and Hove Albion,2018/2019
8293,Burnley,2021/2022
8293,Burnley,2020/2021
8293,Wolverhampton Wanderers,2019/2020
8293,Wolverhampton Wanderers,2018/2019
66094,Arsenal,2021/2022
51416,Norwich City,2021/2022
51416,Aston Villa,2020/2021
51416,Aston Villa,2019/2020
42331,Brentford,2021/2022
90664,Brentford,2021/2022
21532,Southampton,2021/2022
21532,Southampton,2020/2021
21532,Southampton,2019/2020
21532,Southampton,2018/2019
64069,West Ham United,2021/2022
64069,West Ham United,2020/2021
66522,Leicester City,2021/2022
33342,Brighton and Hove Albion,2021/2022
5514,West Ham United,2021/2022
5514,West Ham United,2020/2021
5514,West Ham United,2019/2020
5514,West Ham United,2018/2019
49264,Arsenal,2021/2022
10543,Liverpool,2021/2022
10543,Liverpool,2020/2021
10543,Liverpool,2019/2020
10543,Fulham,2018/2019
10543,Liverpool,2018/2019
66557,Liverpool,2021/2022
66557,Liverpool,2020/2021
24823,West Ham United,2021/2022
23650,Arsenal,2021/2022
23650,Arsenal,2020/2021
76024,Watford,2021/2022
53741,Brentford,2021/2022
66225,Southampton,2021/2022
32989,Crystal Palace,2021/2022
11224,Aston Villa,2021/2022
11224,Everton,2021/2022
11224,Everton,2020/2021
23941,Tottenham Hotspur,2021/2022
53085,Norwich City,2021/2022
14455,Tottenham Hotspur,2021/2022
53610,Aston Villa,2021/2022
53610,Aston Villa,2020/2021
51510,Everton,2021/2022
51510,Everton,2020/2021
108612,Brentford,2021/2022
10465,Liverpool,2021/2022
10465,Liverpool,2020/2021
10465,Liverpool,2019/2020
10465,Liverpool,2018/2019
23994,Wolverhampton Wanderers,2021/2022
23994,Wolverhampton Wanderers,2020/2021
23994,Wolverhampton Wanderers,2019/2020
92734,Arsenal,2021/2022
14909,Norwich City,2021/2022
14909,Norwich City,2019/2020
4252,Liverpool,2021/2022
4252,Liverpool,2020/2021
4252,Liverpool,2019/2020
4252,Liverpool,2018/2019
49489,Brentford,2021/2022
49489,Arsenal,2020/2021
4654,Leeds United,2021/2022
4654,Leeds United,2020/2021
49293,Manchester City,2021/2022
49293,Manchester City,2020/2021
49293,Manchester City,2019/2020
16467,Manchester City,2021/2022
16467,Manchester City,2020/2021
16467,Manchester City,2019/2020
16467,Manchester City,2018/2019
117318,Tottenham Hotspur,2021/2022
14984,Watford,2021/2022
14984,Watford,2019/2020
43856,Tottenham Hotspur,2021/2022
43856,Tottenham Hotspur,2020/2021
43856,Tottenham Hotspur,2019/2020
4936,Arsenal,2021/2022
4936,Arsenal,2020/2021
108924,Tottenham Hotspur,2021/2022
49490,Arsenal,2021/2022
74585,Everton,2021/2022
13485,Burnley,2021/2022
13485,Burnley,2020/2021
13485,Burnley,2019/2020
49494,Brentford,2021/2022
49494,Chelsea,2020/2021
21998,Wolverhampton Wanderers,2021/2022
21998,Wolverhampton Wanderers,2020/2021
21998,Wolverhampton Wanderers,2019/2020
108972,Manchester United,2021/2022
108972,Manchester United,2020/2021
13825,Watford,2021/2022
13825,Watford,2019/2020
13825,Watford,2018/2019
50252,Arsenal,2021/2022
50252,Arsenal,2020/2021
50252,Arsenal,2019/2020
10487,Leicester City,2021/2022
10487,Leicester City,2020/2021
10487,Leicester City,2019/2020
10487,Newcastle United,2019/2020
10487,Newcastle United,2018/2019
5181,Watford,2021/2022
69617,West Ham United,2021/2022
21495,Southampton,2021/2022
20079,Wolverhampton Wanderers,2021/2022
20079,Wolverhampton Wanderers,2020/2021
20079,Wolverhampton Wanderers,2019/2020
4525,Aston Villa,2021/2022
10768,Leeds United,2021/2022
10768,Leeds United,2020/2021
64519,Aston Villa,2021/2022
64519,Aston Villa,2020/2021
4640,Everton,2021/2022
4640,Everton,2020/2021
4640,Everton,2019/2020
4640,Everton,2018/2019
4821,Burnley,2021/2022
4821,Burnley,2020/2021
4821,Burnley,2019/2020
22043,Brentford,2021/2022
32700,Norwich City,2021/2022
49476,Crystal Palace,2021/2022
24645,Watford,2021/2022
3920,Manchester United,2021/2022
3920,Manchester United,2020/2021
3920,Manchester United,2019/2020
3920,Manchester United,2018/2019
53313,Watford,2021/2022
10079,Burnley,2021/2022
10079,Burnley,2020/2021
10079,Burnley,2019/2020
10079,Burnley,2018/2019
66560,West Ham United,2021/2022
19929,Leeds United,2021/2022
19929,Leeds United,2020/2021
19929,Manchester City,2019/2020
19929,Manchester City,2018/2019
19923,Manchester City,2021/2022
19923,Manchester City,2019/2020
19923,Manchester City,2018/2019
5860,Leicester City,2021/2022
5860,Leicester City,2020/2021
5860,Leicester City,2019/2020
23653,Brentford,2021/2022
70216,Everton,2021/2022
70216,Everton,2020/2021
16790,Brighton and Hove Albion,2021/2022
16790,Brighton and Hove Albion,2020/2021
16790,Brighton and Hove Albion,2019/2020
16790,Brighton and Hove Albion,2018/2019
5169,Norwich City,2021/2022
5169,Norwich City,2019/2020
15559,Chelsea,2021/2022
15559,Chelsea,2020/2021
15559,Chelsea,2019/2020
15559,Chelsea,2018/2019
50960,Watford,2021/2022
50960,Watford,2019/2020
51557,Liverpool,2021/2022
36972,Norwich City,2021/2022
21760,Brentford,2021/2022
16270,Wolverhampton Wanderers,2021/2022
16270,Wolverhampton Wanderers,2019/2020
16270,Wolverhampton Wanderers,2018/2019
66518,Aston Villa,2021/2022
66518,Aston Villa,2020/2021
49504,Crystal Palace,2021/2022
49504,Crystal Palace,2020/2021
24001,Southampton,2021/2022
24001,Southampton,2020/2021
24001,Southampton,2019/2020
24001,Southampton,2018/2019
13703,Arsenal,2021/2022
13703,Sheffield United,2020/2021
13703,AFC Bournemouth,2019/2020
13703,AFC Bournemouth,2018/2019
19888,Aston Villa,2021/2022
19888,Aston Villa,2020/2021
19888,Aston Villa,2019/2020
2216,West Ham United,2021/2022
2216,West Ham United,2020/2021
2216,West Ham United,2019/2020
24156,Leeds United,2021/2022
24156,Leeds United,2020/2021
13565,Manchester United,2021/2022
13565,Manchester United,2020/2021
13565,Manchester United,2019/2020
13565,Manchester United,2018/2019
24128,Norwich City,2021/2022
7975,Brentford,2021/2022
3811,Southampton,2021/2022
3811,Southampton,2020/2021
3811,Southampton,2019/2020
3811,Southampton,2018/2019
39606,Tottenham Hotspur,2021/2022
39606,Tottenham Hotspur,2020/2021
4209,Brentford,2021/2022
4209,West Ham United,2021/2022
4209,West Ham United,2019/2020
4209,West Ham United,2018/2019
76427,Arsenal,2021/2022
23813,Liverpool,2021/2022
23813,Liverpool,2020/2021
5343,Leicester City,2021/2022
5343,Leicester City,2020/2021
5343,Leicester City,2019/2020
5343,Leicester City,2018/2019
15202,West Ham United,2021/2022
15202,West Ham United,2020/2021
15202,West Ham United,2019/2020
15202,West Ham United,2018/2019
19928,Brighton and Hove Albion,2021/2022
19928,Brighton and Hove Albion,2020/2021
19928,Brighton and Hove Albion,2019/2020
19928,Manchester City,2019/2020
19928,Manchester City,2018/2019
67198,Burnley,2021/2022
67198,Burnley,2020/2021
67198,Burnley,2019/2020
24630,Everton,2021/2022
24630,Everton,2020/2021
24630,Everton,2019/2020
24630,Everton,2018/2019
24630,Watford,2018/2019
4878,Crystal Palace,2021/2022
4878,Crystal Palace,2020/2021
4878,Crystal Palace,2019/2020
4878,Crystal Palace,2018/2019
3934,Newcastle United,2021/2022
3934,Newcastle United,2020/2021
3934,Newcastle United,2019/2020
3934,Newcastle United,2018/2019
13511,Liverpool,2021/2022
13511,Liverpool,2020/2021
13511,Liverpool,2019/2020
13511,Liverpool,2018/2019
24809,Brighton and Hove Albion,2021/2022
24809,Brighton and Hove Albion,2020/2021
24809,Brighton and Hove Albion,2019/2020
10458,Liverpool,2021/2022
10458,Liverpool,2020/2021
10458,Liverpool,2019/2020
10458,Liverpool,2018/2019
13796,Tottenham Hotspur,2021/2022
13796,Tottenham Hotspur,2020/2021
16286,Manchester City,2021/2022
16286,Manchester City,2020/2021
16286,Manchester City,2019/2020
4095,Leeds United,2021/2022
4095,Leeds United,2020/2021
3851,Burnley,2021/2022
3851,Burnley,2020/2021
3851,Burnley,2019/2020
21297,Brentford,2021/2022
23968,Manchester City,2021/2022
13555,Manchester United,2021/2022
13555,Manchester United,2020/2021
13555,Manchester United,2019/2020
13555,Manchester United,2018/2019
4286,Southampton,2021/2022
4286,Southampton,2020/2021
4286,Southampton,2019/2020
4286,Southampton,2018/2019
6030,Everton,2021/2022
6030,Newcastle United,2019/2020
6030,Newcastle United,2018/2019
3507,Watford,2021/2022
3507,Newcastle United,2020/2021
3507,Newcastle United,2019/2020
3507,Tottenham Hotspur,2019/2020
3507,Tottenham Hotspur,2018/2019
65782,Norwich City,2021/2022
16431,Manchester City,2021/2022
16431,Manchester City,2020/2021
11180,Wolverhampton Wanderers,2021/2022
11180,Wolverhampton Wanderers,2020/2021
11180,Wolverhampton Wanderers,2019/2020
11180,Wolverhampton Wanderers,2018/2019
20171,Wolverhampton Wanderers,2021/2022
20171,Wolverhampton Wanderers,2020/2021
20171,Wolverhampton Wanderers,2019/2020
20171,Wolverhampton Wanderers,2018/2019
2896,Wolverhampton Wanderers,2021/2022
2896,Wolverhampton Wanderers,2020/2021
2896,Wolverhampton Wanderers,2019/2020
2896,Wolverhampton Wanderers,2018/2019
16801,Chelsea,2021/2022
16801,Chelsea,2020/2021
16801,Chelsea,2019/2020
16801,Chelsea,2018/2019
11341,Wolverhampton Wanderers,2021/2022
11341,Wolverhampton Wanderers,2020/2021
11341,Wolverhampton Wanderers,2019/2020
11341,Wolverhampton Wanderers,2018/2019
49716,Arsenal,2021/2022
49716,Arsenal,2020/2021
25203,Norwich City,2021/2022
25203,Norwich City,2019/2020
12192,Arsenal,2021/2022
12192,Brighton and Hove Albion,2021/2022
12192,Arsenal,2020/2021
12192,Brighton and Hove Albion,2020/2021
12192,Brighton and Hove Albion,2019/2020
12192,Brighton and Hove Albion,2018/2019
12817,Newcastle United,2021/2022
12817,Newcastle United,2020/2021
12817,Newcastle United,2019/2020
20745,Wolverhampton Wanderers,2021/2022
20745,Wolverhampton Wanderers,2020/2021
20745,Wolverhampton Wanderers,2019/2020
20745,Wolverhampton Wanderers,2018/2019
6251,Newcastle United,2021/2022
6251,Newcastle United,2020/2021
6251,Newcastle United,2019/2020
49481,Arsenal,2021/2022
49481,Arsenal,2020/2021
49481,Arsenal,2019/2020
49481,Arsenal,2018/2019
4796,Crystal Palace,2021/2022
4796,Crystal Palace,2020/2021
4796,Crystal Palace,2019/2020
4796,Crystal Palace,2018/2019
66204,Arsenal,2021/2022
66204,Arsenal,2020/2021
66204,Arsenal,2019/2020
51775,Southampton,2021/2022
51775,Southampton,2020/2021
20490,Aston Villa,2021/2022
20490,Aston Villa,2020/2021
20490,Aston Villa,2019/2020
31861,Arsenal,2021/2022
47181,Watford,2021/2022
14538,Brighton and Hove Albion,2021/2022
14538,Brighton and Hove Albion,2020/2021
14538,Brighton and Hove Albion,2019/2020
14538,Brighton and Hove Albion,2018/2019
14801,Manchester United,2021/2022
15218,Wolverhampton Wanderers,2021/2022
15218,Wolverhampton Wanderers,2019/2020
33238,Manchester City,2021/2022
33238,Manchester City,2019/2020
33238,Manchester City,2018/2019
25068,Aston Villa,2021/2022
25068,Aston Villa,2020/2021
51209,Norwich City,2021/2022
14463,Wolverhampton Wanderers,2021/2022
14463,Wolverhampton Wanderers,2020/2021
14463,Aston Villa,2020/2021
14463,Aston Villa,2019/2020
68857,Brighton and Hove Albion,2021/2022
20499,Chelsea,2021/2022
20499,Chelsea,2020/2021
69417,Manchester United,2021/2022
66570,Tottenham Hotspur,2021/2022
66570,Tottenham Hotspur,2020/2021
5220,Newcastle United,2021/2022
5220,Newcastle United,2020/2021
5220,Newcastle United,2019/2020
5220,Newcastle United,2018/2019
67189,Brighton and Hove Albion,2021/2022
8980,Crystal Palace,2021/2022
8980,Crystal Palace,2020/2021
8980,Crystal Palace,2019/2020
8980,Crystal Palace,2018/2019
2508,Leicester City,2021/2022
2508,Leicester City,2020/2021
2508,Leicester City,2019/2020
2508,Leicester City,2018/2019
25089,Watford,2021/2022
25089,Watford,2019/2020
25089,Watford,2018/2019
14656,Tottenham Hotspur,2021/2022
14656,Tottenham Hotspur,2020/2021
14656,Tottenham Hotspur,2019/2020
14656,Fulham,2018/2019
19844,Wolverhampton Wanderers,2021/2022
19844,Wolverhampton Wanderers,2020/2021
19844,Wolverhampton Wanderers,2019/2020
14393,Leeds United,2021/2022
14393,Leeds United,2020/2021
5267,Liverpool,2021/2022
5267,Liverpool,2020/2021
5267,Liverpool,2019/2020
5267,Liverpool,2018/2019
70241,Chelsea,2021/2022
4608,Manchester United,2021/2022
4608,Manchester United,2020/2021
4608,Manchester United,2019/2020
4608,Manchester United,2018/2019
4135,Newcastle United,2021/2022
4135,Newcastle United,2020/2021
4135,Newcastle United,2019/2020
4135,Newcastle United,2018/2019
23914,Brentford,2021/2022
64142,Manchester United,2021/2022
64142,Manchester United,2020/2021
23797,Leicester City,2021/2022
23797,Leicester City,2020/2021
23797,Leicester City,2019/2020
72119,Watford,2021/2022
4421,Everton,2021/2022
4421,Everton,2020/2021
4421,Everton,2019/2020
4421,Everton,2018/2019
108851,Brighton and Hove Albion,2021/2022
25529,Southampton,2021/2022
25529,Chelsea,2020/2021
19925,Everton,2021/2022
19925,Everton,2020/2021
19925,Everton,2019/2020
51638,West Ham United,2021/2022
49502,Chelsea,2021/2022
52017,Norwich City,2021/2022
52202,Aston Villa,2021/2022
4549,Watford,2021/2022
4549,Tottenham Hotspur,2021/2022
4549,Tottenham Hotspur,2020/2021
4549,Tottenham Hotspur,2019/2020
4549,Tottenham Hotspur,2018/2019
74743,Norwich City,2021/2022
74743,Norwich City,2019/2020
21413,Norwich City,2021/2022
21413,Tottenham Hotspur,2021/2022
21413,Tottenham Hotspur,2020/2021
21413,Tottenham Hotspur,2019/2020
21413,Tottenham Hotspur,2018/2019
53075,Manchester City,2021/2022
75104,Southampton,2021/2022
75104,Everton,2021/2022
75104,Everton,2020/2021
14997,Southampton,2021/2022
14997,Southampton,2020/2021
14997,Southampton,2019/2020
23901,Arsenal,2021/2022
14445,Arsenal,2021/2022
14445,Arsenal,2020/2021
14445,Arsenal,2019/2020
14445,Arsenal,2018/2019
4999,Tottenham Hotspur,2021/2022
4999,Tottenham Hotspur,2020/2021
4999,Tottenham Hotspur,2019/2020
4999,Tottenham Hotspur,2018/2019
49158,Wolverhampton Wanderers,2021/2022
49158,Wolverhampton Wanderers,2020/2021
49158,Wolverhampton Wanderers,2019/2020
68634,Chelsea,2021/2022
76262,Norwich City,2021/2022
25183,West Ham United,2021/2022
25183,West Ham United,2020/2021
25183,West Ham United,2019/2020
50247,Leicester City,2021/2022
110255,Leicester City,2021/2022
26216,Leicester City,2021/2022
26216,Leicester City,2020/2021
26216,Leicester City,2019/2020
26216,Leicester City,2018/2019
35741,Norwich City,2021/2022
3457,Brighton and Hove Albion,2021/2022
3457,Brighton and Hove Albion,2020/2021
3457,Brighton and Hove Albion,2019/2020
3457,Brighton and Hove Albion,2018/2019
4348,Aston Villa,2021/2022
4348,Aston Villa,2020/2021
4348,Aston Villa,2019/2020
54392,Manchester City,2021/2022
54392,Manchester City,2020/2021
54392,Manchester City,2019/2020
8168,Burnley,2021/2022
8168,Burnley,2020/2021
8168,Brighton and Hove Albion,2020/2021
8168,Brighton and Hove Albion,2019/2020
8168,Brighton and Hove Albion,2018/2019
14572,Chelsea,2021/2022
14572,Chelsea,2019/2020
14572,Chelsea,2018/2019
49477,Brentford,2021/2022
32288,Watford,2021/2022
23199,Norwich City,2021/2022
23199,Norwich City,2019/2020
25444,Leicester City,2021/2022
25444,Leicester City,2020/2021
4505,Manchester City,2021/2022
4505,Manchester City,2020/2021
4505,Manchester City,2019/2020
4505,Manchester City,2018/2019
109735,Wolverhampton Wanderers,2021/2022
49152,Crystal Palace,2021/2022
33124,Leeds United,2021/2022
33124,Leeds United,2020/2021
12186,Southampton,2021/2022
12186,Southampton,2020/2021
12186,Southampton,2019/2020
12186,Southampton,2018/2019
19618,Watford,2021/2022
19618,Watford,2019/2020
19618,Watford,2018/2019
92693,Leicester City,2021/2022
92693,Leicester City,2020/2021
65961,Leeds United,2021/2022
65961,Leeds United,2020/2021
19874,Arsenal,2021/2022
98302,Aston Villa,2021/2022
98302,Aston Villa,2020/2021
76261,Norwich City,2021/2022
19893,Aston Villa,2021/2022
19893,Aston Villa,2020/2021
15116,Tottenham Hotspur,2021/2022
15116,Tottenham Hotspur,2020/2021
15116,Tottenham Hotspur,2019/2020
15116,Tottenham Hotspur,2018/2019
4815,Newcastle United,2021/2022
4815,Aston Villa,2021/2022
4815,Aston Villa,2020/2021
4815,Aston Villa,2019/2020
4815,Southampton,2019/2020
4815,Fulham,2018/2019
4815,Southampton,2018/2019
8143,Burnley,2021/2022
8143,Burnley,2020/2021
8143,Burnley,2019/2020
8143,Burnley,2018/2019
40320,Brighton and Hove Albion,2021/2022
40320,Brighton and Hove Albion,2020/2021
40320,Brighton and Hove Albion,2019/2020
40320,Brighton and Hove Albion,2018/2019
4402,Aston Villa,2021/2022
4402,Aston Villa,2020/2021
4402,Aston Villa,2019/2020
35781,Southampton,2021/2022
35781,Southampton,2020/2021
14452,Southampton,2021/2022
14452,Southampton,2020/2021
14452,Southampton,2019/2020
5264,Liverpool,2021/2022
5264,Liverpool,2020/2021
5754,Chelsea,2021/2022
5754,Chelsea,2020/2021
63836,Burnley,2021/2022
63836,Burnley,2020/2021
63836,Burnley,2019/2020
19869,Brentford,2021/2022
19869,Arsenal,2019/2020
5865,Leicester City,2021/2022
5865,Leicester City,2020/2021
5865,Leicester City,2019/2020
5865,Leicester City,2018/2019
12185,Arsenal,2021/2022
12185,Arsenal,2020/2021
12185,Arsenal,2019/2020
14778,Watford,2021/2022
14778,Watford,2019/2020
14778,Manchester City,2018/2019
115169,Arsenal,2021/2022
3517,Crystal Palace,2021/2022
3517,Crystal Palace,2020/2021
3517,Crystal Palace,2019/2020
3517,Crystal Palace,2018/2019
66588,Norwich City,2021/2022
107844,Aston Villa,2021/2022
13281,Chelsea,2021/2022
13281,Chelsea,2020/2021
13281,Chelsea,2019/2020
13281,Chelsea,2018/2019
9246,Brentford,2021/2022
23033,Arsenal,2021/2022
23033,Arsenal,2020/2021
23033,Arsenal,2019/2020
23033,Arsenal,2018/2019
43098,Manchester City,2021/2022
43098,Manchester City,2020/2021
12114,Everton,2021/2022
12114,Everton,2020/2021
12114,Crystal Palace,2019/2020
12114,Everton,2019/2020
12114,Everton,2018/2019
92635,Wolverhampton Wanderers,2021/2022
3724,Everton,2021/2022
3724,Crystal Palace,2021/2022
3724,Crystal Palace,2020/2021
3724,Crystal Palace,2019/2020
3724,Crystal Palace,2018/2019
32280,Manchester City,2021/2022
32280,Manchester City,2020/2021
10394,Aston Villa,2021/2022
10394,Aston Villa,2020/2021
16087,Aston Villa,2021/2022
16087,Aston Villa,2020/2021
16087,Aston Villa,2019/2020
67454,Wolverhampton Wanderers,2021/2022
3905,Newcastle United,2021/2022
3905,Tottenham Hotspur,2019/2020
3905,Tottenham Hotspur,2018/2019
21612,Watford,2021/2022
20486,Brighton and Hove Albion,2021/2022
20486,Brighton and Hove Albion,2020/2021
20486,Brighton and Hove Albion,2019/2020
20051,West Ham United,2021/2022
20051,West Ham United,2020/2021
20051,West Ham United,2019/2020
20051,West Ham United,2018/2019
54831,Arsenal,2021/2022
24412,Norwich City,2021/2022
24412,Norwich City,2019/2020
16006,Liverpool,2021/2022
16006,Liverpool,2020/2021
51484,Brighton and Hove Albion,2021/2022
13559,Aston Villa,2021/2022
13559,Manchester United,2021/2022
13559,Manchester United,2020/2021
13559,Aston Villa,2019/2020
13559,Manchester United,2019/2020
13559,Manchester United,2018/2019
15791,Watford,2021/2022
49173,Brighton and Hove Albion,2021/2022
43940,Everton,2021/2022
43940,Everton,2020/2021
67704,Norwich City,2021/2022
14593,Chelsea,2021/2022
14593,Chelsea,2019/2020
114957,Brighton and Hove Albion,2021/2022
23612,Leicester City,2021/2022
23612,Leicester City,2020/2021
67201,Chelsea,2021/2022
67201,Chelsea,2020/2021
37931,Brentford,2021/2022
15011,Southampton,2021/2022
15011,Southampton,2020/2021
15011,Southampton,2019/2020
15011,Southampton,2018/2019
3362,Crystal Palace,2021/2022
3362,Crystal Palace,2020/2021
3362,Crystal Palace,2019/2020
3362,Crystal Palace,2018/2019
11031,Everton,2021/2022
11031,Manchester United,2021/2022
11031,Manchester United,2020/2021
5140,Liverpool,2021/2022
5140,Liverpool,2020/2021
5140,Liverpool,2019/2020
5140,Liverpool,2018/2019
99280,Manchester City,2021/2022
5782,Manchester United,2021/2022
8979,Leicester City,2021/2022
8979,Leicester City,2020/2021
8979,Leicester City,2019/2020
8979,Leicester City,2018/2019
31670,Aston Villa,2021/2022
31670,Aston Villa,2020/2021
31670,Aston Villa,2019/2020
4874,Brighton and Hove Albion,2021/2022
4874,Brighton and Hove Albion,2020/2021
20109,Leicester City,2021/2022
20109,Southampton,2021/2022
20109,Southampton,2020/2021
20109,Southampton,2019/2020
20109,Southampton,2018/2019
67634,Wolverhampton Wanderers,2021/2022
67634,Wolverhampton Wanderers,2020/2021
25312,West Ham United,2021/2022
25312,Everton,2019/2020
25312,Everton,2018/2019
15013,Southampton,2021/2022
15013,Southampton,2020/2021
15013,Southampton,2019/2020
22040,Norwich City,2021/2022
22040,Norwich City,2019/2020
4851,Burnley,2021/2022
4851,Burnley,2020/2021
4851,Burnley,2019/2020
4851,Burnley,2018/2019
2839,Southampton,2021/2022
2839,Everton,2021/2022
2839,Southampton,2020/2021
2839,Everton,2020/2021
2839,Everton,2019/2020
2839,Everton,2018/2019
14467,Aston Villa,2021/2022
14467,Aston Villa,2020/2021
13815,Southampton,2021/2022
13815,Southampton,2020/2021
13815,Southampton,2019/2020
13815,Tottenham Hotspur,2019/2020
13815,Tottenham Hotspur,2018/2019
98263,Burnley,2021/2022
8159,Brighton and Hove Albion,2021/2022
8159,Brighton and Hove Albion,2020/2021
8159,Brighton and Hove Albion,2019/2020
14164,Manchester United,2021/2022
14164,Manchester United,2020/2021
14164,Manchester United,2019/2020
14164,Crystal Palace,2019/2020
14164,Crystal Palace,2018/2019
51545,Leicester City,2021/2022
3929,Crystal Palace,2021/2022
3929,Crystal Palace,2020/2021
3929,Crystal Palace,2019/2020
3929,Crystal Palace,2018/2019
4617,Southampton,2021/2022
4617,Southampton,2020/2021
4617,Southampton,2019/2020
4617,Southampton,2018/2019
8658,Aston Villa,2021/2022
8658,Aston Villa,2020/2021
51238,Southampton,2021/2022
51238,Southampton,2020/2021
51238,Southampton,2019/2020
9426,Brighton and Hove Albion,2021/2022
9426,Brighton and Hove Albion,2020/2021
9426,Brighton and Hove Albion,2019/2020
20261,Burnley,2021/2022
31046,Brighton and Hove Albion,2021/2022
31046,Brighton and Hove Albion,2020/2021
3452,Brighton and Hove Albion,2021/2022
3452,Brighton and Hove Albion,2020/2021
3452,Watford,2019/2020
3452,Arsenal,2019/2020
3452,Arsenal,2018/2019
66578,Everton,2021/2022
66578,Everton,2020/2021
107826,Crystal Palace,2021/2022
23599,Chelsea,2021/2022
23599,Chelsea,2020/2021
15580,Aston Villa,2021/2022
15580,Aston Villa,2020/2021
15580,Aston Villa,2019/2020
4489,Burnley,2021/2022
4489,Burnley,2020/2021
4489,Burnley,2019/2020
4489,Burnley,2018/2019
69653,Everton,2021/2022
14548,Arsenal,2021/2022
14548,Brighton and Hove Albion,2021/2022
14548,Leeds United,2020/2021
14548,Brighton and Hove Albion,2020/2021
14548,Brighton and Hove Albion,2019/2020
14548,Brighton and Hove Albion,2018/2019
15111,Tottenham Hotspur,2021/2022
15111,Tottenham Hotspur,2020/2021
15111,Tottenham Hotspur,2019/2020
15111,Tottenham Hotspur,2018/2019
4396,Crystal Palace,2021/2022
4396,Crystal Palace,2020/2021
4396,Crystal Palace,2019/2020
4396,Crystal Palace,2018/2019
7114,Liverpool,2021/2022
7114,Liverpool,2020/2021
7114,Liverpool,2019/2020
7114,Liverpool,2018/2019
70133,Chelsea,2021/2022
4748,Arsenal,2021/2022
4748,Arsenal,2020/2021
4748,Chelsea,2020/2021
4748,Chelsea,2019/2020
4748,Chelsea,2018/2019
5806,Wolverhampton Wanderers,2021/2022
5806,Wolverhampton Wanderers,2020/2021
14446,Newcastle United,2021/2022
14446,Arsenal,2021/2022
14446,Newcastle United,2020/2021
14446,Arsenal,2020/2021
14446,Arsenal,2019/2020
14446,Arsenal,2018/2019
20929,Watford,2021/2022
20929,Watford,2019/2020
20929,Watford,2018/2019
13961,Liverpool,2021/2022
13961,Liverpool,2020/2021
13961,AFC Bournemouth,2019/2020
13961,Liverpool,2019/2020
13961,Liverpool,2018/2019
48690,Manchester City,2021/2022
7488,Tottenham Hotspur,2021/2022
7488,Tottenham Hotspur,2020/2021
7488,Tottenham Hotspur,2019/2020
7488,Tottenham Hotspur,2018/2019
117497,Brentford,2021/2022
51563,Liverpool,2021/2022
3756,Newcastle United,2021/2022
3756,Burnley,2021/2022
3756,Burnley,2020/2021
3756,Burnley,2019/2020
3756,Burnley,2018/2019
14758,Liverpool,2021/2022
14758,Liverpool,2020/2021
14758,Liverpool,2019/2020
14758,Liverpool,2018/2019
10479,Newcastle United,2021/2022
10479,Newcastle United,2019/2020
10479,Newcastle United,2018/2019
14149,Crystal Palace,2021/2022
14149,Crystal Palace,2020/2021
14149,Crystal Palace,2019/2020
14149,Crystal Palace,2018/2019
24151,West Ham United,2021/2022
24151,West Ham United,2020/2021
24151,West Ham United,2019/2020
24151,West Ham United,2018/2019
12136,Arsenal,2021/2022
12136,Arsenal,2020/2021
12136,Arsenal,2019/2020
12136,Arsenal,2018/2019
78211,Manchester City,2021/2022
66506,Brighton and Hove Albion,2021/2022
66506,Brighton and Hove Albion,2020/2021
66506,Brighton and Hove Albion,2019/2020
6389,West Ham United,2021/2022
6389,West Ham United,2020/2021
6389,West Ham United,2019/2020
6389,West Ham United,2018/2019
62919,Aston Villa,2021/2022
62919,Aston Villa,2020/2021
51226,Brentford,2021/2022
4539,Crystal Palace,2021/2022
4539,Crystal Palace,2020/2021
4539,Crystal Palace,2019/2020
4539,Crystal Palace,2018/2019
64074,Brentford,2021/2022
7103,Brentford,2021/2022
7103,Huddersfield Town,2018/2019
25313,Chelsea,2021/2022
25313,Chelsea,2020/2021
25313,Chelsea,2019/2020
25313,Chelsea,2018/2019
50230,Brighton and Hove Albion,2021/2022
50230,Brighton and Hove Albion,2020/2021
70136,Manchester United,2021/2022
24220,Chelsea,2021/2022
24220,Chelsea,2020/2021
24220,Chelsea,2019/2020
22047,Norwich City,2021/2022
22047,Norwich City,2019/2020
19620,Manchester City,2021/2022
19620,Manchester City,2020/2021
19620,Manchester City,2019/2020
19620,Manchester City,2018/2019
42709,Watford,2021/2022
20750,Chelsea,2021/2022
20750,Chelsea,2020/2021
5175,West Ham United,2021/2022
5175,Chelsea,2021/2022
5175,Chelsea,2020/2021
5175,Everton,2019/2020
5175,Chelsea,2019/2020
5175,Everton,2018/2019
5175,Chelsea,2018/2019
107891,Aston Villa,2021/2022
107891,Aston Villa,2020/2021
11419,Arsenal,2021/2022
11419,Arsenal,2020/2021
51436,Brighton and Hove Albion,2021/2022
51436,Brighton and Hove Albion,2019/2020
51436,Brighton and Hove Albion,2018/2019
21797,West Ham United,2020/2021
6609,West Bromwich Albion,2020/2021
71432,Wolverhampton Wanderers,2021/2022
71432,Wolverhampton Wanderers,2020/2021
10424,West Bromwich Albion,2020/2021
20053,West Ham United,2021/2022
20053,West Ham United,2020/2021
5467,Manchester United,2021/2022
5467,Manchester United,2020/2021
22698,Leeds United,2021/2022
22698,Leeds United,2020/2021
15994,Everton,2021/2022
15994,Everton,2020/2021
112097,West Ham United,2021/2022
112097,West Ham United,2020/2021
19970,Norwich City,2021/2022
19970,Norwich City,2019/2020
13279,Chelsea,2021/2022
13279,Chelsea,2019/2020
10905,Southampton,2021/2022
10905,Southampton,2020/2021
10905,Southampton,2019/2020
14674,Fulham,2020/2021
14674,Fulham,2019/2020
9131,Aston Villa,2019/2020
24778,Norwich City,2019/2020
4183,Aston Villa,2021/2022
4183,Aston Villa,2020/2021
4183,Aston Villa,2019/2020
5248,West Ham United,2020/2021
5248,West Ham United,2019/2020
13984,Liverpool,2019/2020
20723,Brighton and Hove Albion,2021/2022
20723,Brighton and Hove Albion,2020/2021
49990,Norwich City,2019/2020
13286,Chelsea,2021/2022
13286,Chelsea,2020/2021
13286,Aston Villa,2019/2020
13286,Chelsea,2019/2020
13286,Chelsea,2018/2019
13549,Fulham,2020/2021
13549,Manchester City,2019/2020
13549,Manchester City,2018/2019
4852,Liverpool,2021/2022
4852,Liverpool,2020/2021
4852,Liverpool,2019/2020
4852,West Ham United,2019/2020
4852,West Ham United,2018/2019
11357,Leicester City,2020/2021
11357,Leicester City,2019/2020
11357,Leicester City,2018/2019
4040,Wolverhampton Wanderers,2019/2020
4040,Wolverhampton Wanderers,2018/2019
4328,Manchester City,2021/2022
4328,Manchester City,2020/2021
4328,Manchester City,2019/2020
4328,Manchester City,2018/2019
10559,Burnley,2019/2020
10559,Burnley,2018/2019
24695,Brighton and Hove Albion,2019/2020
24695,Brighton and Hove Albion,2018/2019
10439,Fulham,2020/2021
10439,Chelsea,2019/2020
10439,Chelsea,2018/2019
4499,Manchester City,2021/2022
4499,Manchester City,2020/2021
4499,AFC Bournemouth,2019/2020
4499,AFC Bournemouth,2018/2019
4482,Arsenal,2018/2019
3564,Leicester City,2021/2022
3564,Leicester City,2020/2021
3564,Leicester City,2019/2020
3564,Leicester City,2018/2019
4916,Tottenham Hotspur,2021/2022
4916,Tottenham Hotspur,2020/2021
4916,Tottenham Hotspur,2019/2020
4916,Tottenham Hotspur,2018/2019
5879,Fulham,2020/2021
5879,Fulham,2018/2019
14732,Liverpool,2021/2022
14732,Liverpool,2020/2021
14732,Liverpool,2019/2020
14732,Liverpool,2018/2019
55603,Burnley,2020/2021
55603,Burnley,2019/2020
55603,Burnley,2018/2019
20559,Liverpool,2021/2022
20559,Liverpool,2020/2021
20559,Liverpool,2019/2020
20559,Liverpool,2018/2019
9167,Everton,2021/2022
9167,Tottenham Hotspur,2021/2022
9167,Tottenham Hotspur,2020/2021
9167,Tottenham Hotspur,2019/2020
9167,Tottenham Hotspur,2018/2019
54312,Newcastle United,2021/2022
54312,Newcastle United,2020/2021
54312,Newcastle United,2019/2020
54312,Newcastle United,2018/2019
4093,Chelsea,2021/2022
4093,Chelsea,2020/2021
4093,Chelsea,2019/2020
4093,Chelsea,2018/2019
14743,Liverpool,2018/2019
12306,Leicester City,2021/2022
12306,Leicester City,2020/2021
12306,Leicester City,2019/2020
12306,Leicester City,2018/2019
15128,Tottenham Hotspur,2019/2020
15128,Tottenham Hotspur,2018/2019
19731,Chelsea,2021/2022
19731,Sheffield United,2020/2021
19731,Chelsea,2020/2021
19731,Chelsea,2019/2020
19731,Chelsea,2018/2019
37587,Brighton and Hove Albion,2021/2022
37587,Brighton and Hove Albion,2020/2021
37587,Brighton and Hove Albion,2019/2020
37587,Brighton and Hove Albion,2018/2019
5061,Everton,2021/2022
5061,Everton,2020/2021
5061,Everton,2019/2020
5061,Everton,2018/2019
10476,Manchester United,2021/2022
10476,Manchester United,2020/2021
10476,Manchester United,2019/2020
10476,Manchester United,2018/2019
14830,Manchester United,2019/2020
14830,Manchester United,2018/2019
9595,West Ham United,2021/2022
9595,West Ham United,2020/2021
9595,West Ham United,2019/2020
9595,West Ham United,2018/2019
51667,Brighton and Hove Albion,2021/2022
51667,Brighton and Hove Albion,2019/2020
51667,Brighton and Hove Albion,2018/2019
